SDSS,Vel,e_Vel,EW,e_EW,Rad,MJD,gmag,rmag,imag,Mm,EMpr,Bpr,G09,DR7+8,Sloan,SimbadName,_RA,_DE
J100613.98+155436.1,-46.8,4.6,3.3,0.6,15.4,54890.243,24.28,22.64,21.17,0,,,0,DR7+8,Sloan,SDSS J100613.97+155436.0,151.55825,15.91003
J100614.24+160424.7,-66.7,2.4,2.4,0.3,11.8,54890.243,20.29,19.97,19.81,0,0.0,0.0,0,DR7+8,Sloan,SDSS J100614.24+160424.6,151.55933,16.07353
J100614.31+160050.9,150.1,3.3,2.9,0.5,12.3,54890.243,21.52,21.03,21.13,0,0.0,0.0,0,DR7+8,Sloan,SDSS J100614.31+160050.8,151.55962,16.01414
J100614.40+160013.0,70.1,2.2,4.8,0.3,12.5,54890.243,17.14,16.44,16.16,0,0.0,0.0,0,DR7+8,Sloan,SDSS J100614.39+160012.9,151.56,16.00361
J100614.78+155512.7,45.2,2.9,1.5,0.4,14.8,54890.243,24.83,22.5,21.06,0,,,0,DR7+8,Sloan,SDSS J100614.78+155512.6,151.56158,15.92019
J100614.87+160858.7,29.1,2.9,4.4,0.4,12.5,54890.243,20.09,19.55,19.32,0,0.0,0.0,0,DR7+8,Sloan,SDSS J100614.86+160858.6,151.56196,16.14964
J100615.16+155556.6,54.3,2.6,2.9,0.3,14.3,54890.243,22.3,21.07,19.96,0,,,0,DR7+8,Sloan,SDSS J100615.15+155556.5,151.56317,15.93239
J100615.53+160056.9,-6.7,2.7,1.7,0.4,12.0,54890.243,21.04,20.73,20.65,0,0.0,0.0,0,DR7+8,Sloan,SDSS J100615.53+160056.9,151.56471,16.01581
J100616.95+160524.3,-10.0,2.4,3.3,0.3,11.2,54890.243,23.22,21.47,20.39,0,,,0,DR7+8,Sloan,SDSS J100616.94+160524.2,151.57062,16.09008
J100617.35+155606.6,1.7,2.4,2.1,0.4,13.8,54890.243,22.81,21.47,20.68,0,,,0,DR7+8,Sloan,SDSS J100617.34+155606.5,151.57229,15.93517
J100617.68+160820.1,59.2,2.5,4.4,0.3,11.6,54890.243,20.47,19.82,19.57,0,,,0,DR7+8,Sloan,SDSS J100617.67+160820.0,151.57367,16.13892
J100618.26+155323.6,-34.6,7.4,-9.9,,15.4,54890.243,22.28,20.87,19.87,0,,,0,DR7+8,Sloan,SDSS J100618.26+155323.6,151.57608,15.88989
J100618.74+160339.0,268.6,3.1,1.8,0.4,10.7,54890.243,21.68,21.15,20.9,0,0.0,0.009,0,DR7+8,Sloan,SDSS J100618.74+160338.9,151.57808,16.06083
J100619.14+155837.8,57.6,2.2,3.3,0.3,12.1,54890.243,16.98,16.62,16.47,0,,,0,DR7+8,Sloan,SDSS J100619.14+155837.7,151.57975,15.97717
J100619.42+155954.4,124.8,2.3,3.8,0.3,11.4,54890.243,22.16,20.9,20.04,0,,,0,DR7+8,Sloan,SDSS J100619.42+155954.3,151.58092,15.99844
J100619.70+160158.8,-4.6,3.1,4.6,0.5,10.7,54890.243,14.65,14.03,14.06,0,,,0,DR7+8,Sloan,SDSS J100619.48+160159.0,151.58208,16.033
J100619.74+160149.8,-6.5,2.2,3.0,0.3,10.8,54890.243,21.65,20.24,19.07,0,,,0,DR7+8,Sloan,SDSS J100619.74+160149.7,151.58225,16.0305
J100619.99+160042.1,305.5,4.3,2.8,0.4,11.0,54890.243,21.69,21.42,21.18,0,,,0,DR7+8,Sloan,SDSS J100619.98+160042.1,151.58329,16.01169
J100620.06+160507.9,111.0,8.5,3.5,0.5,10.4,54890.243,23.97,22.0,20.78,0,,,0,DR7+8,Sloan,SDSS J100620.05+160507.8,151.58358,16.08553
J100620.50+160442.6,-54.5,2.2,3.6,0.3,10.3,54890.243,21.69,20.2,19.35,0,,,0,DR7+8,Sloan,SDSS J100620.49+160442.6,151.58542,16.0785
J100620.61+160411.5,50.9,2.2,4.9,0.3,10.2,54890.243,14.84,13.99,13.64,0,,,0,DR7+8,Sloan,SDSS J100620.61+160411.5,151.58587,16.06986
J100620.70+160558.0,221.3,2.3,1.1,0.3,10.3,54890.243,18.85,18.55,18.41,0,,,0,DR7+8,Sloan,SDSS J100620.69+160557.9,151.58625,16.09944
J100620.81+160833.1,31.5,2.8,3.5,0.4,11.0,54890.243,22.85,21.5,20.22,0,,,0,DR7+8,Sloan,SDSS J100620.80+160833.1,151.58671,16.14253
J100620.96+160650.1,66.5,3.0,2.0,0.3,10.4,54890.243,20.15,19.82,19.73,0,0.0,0.0,0,DR7+8,Sloan,SDSS J100620.95+160650.1,151.58733,16.11392
J100622.36+160452.3,214.4,3.2,3.5,0.3,9.8,54890.243,20.59,20.23,20.06,0,0.67,0.52,0,DR7+8,Sloan,SDSS J100622.35+160452.2,151.59317,16.08119
J100622.85+155643.0,223.9,37.8,-0.7,0.8,12.4,54890.243,21.85,21.59,21.47,1,0.726,0.503,0,DR7+8,Sloan,SDSS J100622.84+155642.9,151.59521,15.94528
J100623.26+155920.4,222.0,8.7,0.2,0.4,10.9,54890.243,21.4,21.24,21.09,1,0.929,0.74,0,DR7+8,Sloan,SDSS J100623.25+155920.3,151.59692,15.989
J100623.32+155504.8,73.1,2.3,1.9,0.3,13.4,54890.243,19.75,19.28,19.1,0,0.0,0.0,0,DR7+8,Sloan,SDSS J100623.31+155504.8,151.59717,15.918
J100623.49+160032.7,-56.9,2.4,2.1,0.3,10.3,54890.243,19.56,19.29,19.19,0,,,0,DR7+8,Sloan,SDSS J100623.49+160032.6,151.59787,16.00908
J100623.76+160320.2,61.3,2.9,3.6,0.5,9.5,54890.243,23.41,22.45,21.58,0,,,0,DR7+8,Sloan,SDSS J100623.76+160320.1,151.599,16.05561
J100625.70+155422.1,244.3,5.6,1.9,0.4,13.5,54890.243,21.56,21.13,20.94,0,0.0,0.01,0,DR7+8,Sloan,SDSS J100625.69+155422.0,151.60708,15.90614
J100626.54+160240.3,37.8,2.4,1.3,0.3,9.0,54890.243,22.73,20.98,19.91,0,,,0,DR7+8,Sloan,SDSS J100626.53+160240.3,151.61058,16.04453
J100626.74+155818.1,-14.7,2.7,2.9,0.5,10.7,54890.444,22.79,21.44,19.92,0,,,0,DR7+8,Sloan,SDSS J100626.73+155818.0,151.61142,15.97169
J100627.43+155749.7,172.4,3.9,2.6,0.5,10.8,54890.243,21.62,21.29,21.08,0,0.0,0.004,0,DR7+8,Sloan,SDSS J100627.43+155749.7,151.61429,15.96381
J100627.43+155749.7,191.1,8.7,6.5,0.9,10.8,54890.444,,,,,,,0,DR7+8,Sloan,SDSS J100627.43+155749.7,151.61429,15.96381
J100627.63+161443.2,14.6,2.2,1.0,0.3,13.4,54889.343,17.56,16.45,16.07,0,,,0,DR7+8,Sloan,SDSS J100627.62+161443.1,151.61512,16.24533
J100628.13+160806.2,118.8,2.3,2.3,0.3,9.2,54890.243,17.86,17.45,17.29,0,0.0,0.0,0,DR7+8,Sloan,SDSS J100628.13+160806.1,151.61721,16.13506
J100628.41+155628.8,347.1,2.9,2.2,0.3,11.5,54890.243,17.82,17.56,17.42,0,,,0,DR7+8,Sloan,SDSS J100628.40+155628.7,151.61837,15.94133
J100628.41+155628.8,351.7,2.2,2.0,0.3,11.5,54890.444,,,,,,,0,DR7+8,Sloan,SDSS J100628.40+155628.7,151.61837,15.94133
J100629.08+160623.8,200.9,14.2,0.9,0.6,8.4,54890.243,21.63,21.42,21.25,1,0.927,0.812,0,DR7+8,Sloan,SDSS J100629.07+160623.7,151.62117,16.10661
J100630.18+161118.9,-37.2,2.2,3.8,0.3,10.5,54889.343,18.9,18.26,18.0,0,0.0,0.0,0,DR7+8,Sloan,SDSS J100630.17+161118.9,151.62575,16.18858
J100630.34+160644.2,-56.6,2.2,4.5,0.3,8.2,54890.243,17.16,16.18,15.82,0,,,0,DR7+8,Sloan,SDSS J100630.33+160644.1,151.62642,16.11228
J100630.77+161250.6,-62.5,2.5,3.0,0.3,11.5,54889.343,20.45,19.98,19.83,0,0.0,0.0,0,DR7+8,Sloan,SDSS J100630.76+161250.5,151.62821,16.21406
J100630.89+161512.1,321.0,8.8,1.9,0.7,13.3,54889.343,21.48,21.14,20.96,0,,,0,DR7+8,Sloan,SDSS J100630.89+161512.0,151.62871,16.25336
J100630.96+155543.6,204.5,11.8,2.1,0.5,11.6,54890.444,20.82,20.5,20.39,1,0.938,0.601,0,DR7+8,Sloan,SDSS J100630.95+155543.5,151.629,15.92878
J100630.96+155543.6,191.5,8.7,0.7,0.4,11.6,54890.243,,,,,,,0,DR7+8,Sloan,SDSS J100630.95+155543.5,151.629,15.92878
J100631.56+161217.2,-8.3,2.3,1.3,0.3,10.9,54889.343,22.06,20.5,18.59,0,,,0,DR7+8,Sloan,SDSS J100631.55+161217.1,151.6315,16.20478
J100631.59+155801.7,60.2,3.0,2.6,0.5,9.9,54890.243,23.82,22.4,21.15,0,,,0,DR7+8,Sloan,SDSS J100631.58+155801.6,151.63162,15.96714
J100631.84+160626.3,210.4,5.2,-0.2,0.5,7.8,54889.343,21.69,21.38,21.52,1,0.982,0.965,0,DR7+8,Sloan,SDSS J100631.83+160626.3,151.63267,16.10731
J100632.74+160919.9,-38.9,4.5,2.9,0.5,8.8,54881.416,24.18,21.99,21.28,0,,,0,DR7+8,Sloan,SDSS J100632.54+160920.0,151.63642,16.15553
J100632.99+155902.0,163.9,5.7,2.3,1.2,9.0,54890.444,22.77,21.95,21.43,0,,,0,DR7+8,Sloan,SDSS J100632.98+155901.9,151.63746,15.98389
J100633.35+160327.4,210.5,11.9,-2.0,0.9,7.2,54889.343,22.04,21.82,21.5,1,0.928,0.938,0,DR7+8,Sloan,SDSS J100633.34+160327.3,151.63896,16.05761
J100633.62+160908.9,7.4,2.2,3.2,0.3,8.5,54889.343,19.46,18.99,18.78,0,0.0,0.0,0,DR7+8,Sloan,SDSS J100633.62+160908.9,151.64008,16.15247
J100633.62+160908.9,2.3,3.3,3.7,0.4,8.5,54881.284,,,,,,,0,DR7+8,Sloan,SDSS J100633.62+160908.9,151.64008,16.15247
J100633.62+160908.9,5.6,2.3,3.6,0.3,8.5,54881.416,,,,,,,0,DR7+8,Sloan,SDSS J100633.62+160908.9,151.64008,16.15247
J100634.33+161234.8,68.4,2.2,3.5,0.3,10.7,54889.343,17.56,16.76,16.42,0,,,0,DR7+8,Sloan,SDSS J100634.32+161234.7,151.64304,16.20967
J100634.40+160826.8,87.2,2.8,4.8,0.6,8.0,54881.284,21.8,20.4,19.6,0,,,0,DR7+8,Sloan,SDSS J100634.39+160826.7,151.64333,16.14078
J100634.78+160657.2,-3.6,2.9,1.6,0.5,7.3,54881.416,25.24,23.89,21.96,0,,,0,DR7+8,Sloan,SDSS J100634.77+160657.1,151.64492,16.11589
J100634.81+155948.8,-161.1,2.9,4.6,0.4,8.2,54416.551,21.53,20.72,20.34,0,,,1,DR7+8,Sloan,SDSS J100634.81+155948.7,151.64504,15.99689
J100634.88+161417.2,-25.6,3.3,2.9,0.3,12.0,54889.343,19.78,19.14,18.91,0,0.0,0.0,0,DR7+8,Sloan,SDSS J100634.88+161417.1,151.64533,16.23811
J100634.93+155716.2,70.3,2.2,1.3,0.3,9.9,54890.444,17.31,16.75,16.45,0,0.0,0.0,0,DR7+8,Sloan,SDSS J100634.93+155716.1,151.64554,15.9545
J100635.53+160221.1,1.9,2.2,4.6,0.3,7.0,54416.551,17.7,16.82,16.5,0,,,1,DR7+8,Sloan,SDSS J100635.52+160221.0,151.64804,16.03919
J100635.55+160415.0,70.2,2.5,4.3,0.4,6.6,54881.284,18.68,18.19,18.01,0,0.0,0.0,0,DR7+8,Sloan,SDSS J100635.55+160415.0,151.64812,16.07083
J100635.55+160415.0,69.2,2.2,3.9,0.3,6.6,54889.343,,,,,,,0,DR7+8,Sloan,SDSS J100635.55+160415.0,151.64812,16.07083
J100636.09+160628.8,194.6,5.6,1.8,0.7,6.8,54889.343,21.99,21.53,21.37,1,0.897,0.622,0,DR7+8,Sloan,SDSS J100636.09+160628.7,151.65037,16.108
J100636.25+160246.3,-20.7,2.7,3.5,0.4,6.7,54416.551,22.96,21.71,20.49,0,,,1,DR7+8,Sloan,SDSS J100636.24+160246.3,151.65104,16.04619
J100636.26+160142.0,200.3,3.8,0.4,0.4,7.0,54889.343,20.68,20.48,20.37,1,0.97,0.949,0,DR7+8,Sloan,SDSS J100636.25+160141.9,151.65108,16.02833
J100636.26+160142.0,212.2,15.8,-0.6,0.5,7.0,54416.551,,,,,,,0,DR7+8,Sloan,SDSS J100636.25+160141.9,151.65108,16.02833
J100636.45+155534.0,100.6,2.3,3.1,0.3,10.9,54890.444,21.38,20.06,19.26,0,,,0,DR7+8,Sloan,SDSS J100636.45+155533.9,151.65187,15.92611
J100636.65+161154.7,-128.6,15.9,1.2,1.6,9.8,54881.416,23.6,22.4,21.69,0,,,0,DR7+8,Sloan,SDSS J100636.65+161154.6,151.65271,16.19853
J100636.70+160901.1,12.8,2.9,3.3,0.5,7.9,54881.284,22.49,20.86,19.58,0,,,0,DR7+8,Sloan,SDSS J100636.69+160901.1,151.65292,16.15031
J100636.70+160901.1,15.6,2.3,2.7,0.3,7.9,54889.343,,,,,,,0,DR7+8,Sloan,SDSS J100636.69+160901.1,151.65292,16.15031
J100637.21+160620.9,230.7,7.4,2.8,1.5,6.5,54881.284,20.99,20.7,20.62,1,0.981,0.95,0,DR7+8,Sloan,SDSS J100637.20+160620.8,151.65504,16.10581
J100637.21+160620.9,212.8,4.4,0.2,0.4,6.5,54889.343,,,,,,,0,DR7+8,Sloan,SDSS J100637.20+160620.8,151.65504,16.10581
J100637.49+161155.1,228.0,2.5,2.0,0.4,9.7,54881.416,20.36,20.02,19.87,0,0.685,0.226,0,DR7+8,Sloan,SDSS J100637.49+161155.1,151.65621,16.19864
J100637.49+161155.1,222.5,4.9,2.4,0.8,9.7,54881.284,,,,,,,0,DR7+8,Sloan,SDSS J100637.49+161155.1,151.65621,16.19864
J100637.71+155906.8,162.2,4.4,3.4,0.6,8.1,54890.444,22.69,21.75,21.24,0,,,0,DR7+8,Sloan,SDSS J100637.71+155906.8,151.65712,15.98522
J100637.80+160222.6,56.9,2.3,2.9,0.3,6.4,54416.551,23.2,21.5,20.32,0,,,1,DR7+8,Sloan,SDSS J100637.79+160222.6,151.6575,16.03961
J100637.90+155934.4,-25.3,3.0,2.4,0.4,7.8,54416.551,23.03,21.96,20.6,0,,,1,DR7+8,Sloan,SDSS J100637.90+155934.4,151.65792,15.99289
J100638.09+155737.2,-1.1,2.4,4.0,0.3,9.1,55240.355,21.5,20.18,19.42,0,,,0,DR7+8,Sloan,SDSS J100637.90+155737.5,151.65871,15.96033
J100638.19+155951.2,32.8,8.1,3.2,0.5,7.5,54416.551,23.07,22.51,21.28,0,,,1,DR7+8,Sloan,SDSS J100638.18+155951.1,151.65912,15.99756
J100638.34+161147.9,146.4,21.9,3.1,1.4,9.5,54889.343,22.83,21.56,20.76,0,,,0,DR7+8,Sloan,SDSS J100638.33+161147.8,151.65975,16.19664
J100638.34+161147.9,118.2,3.2,4.1,0.5,9.5,54881.416,,,,,,,0,DR7+8,Sloan,SDSS J100638.33+161147.8,151.65975,16.19664
J100638.68+160942.5,80.6,2.2,4.3,0.3,7.9,54889.343,18.66,18.03,17.79,0,0.0,0.0,0,DR7+8,Sloan,SDSS J100638.67+160942.4,151.66117,16.16181
J100638.68+160942.5,80.3,2.3,4.4,0.3,7.9,54881.284,,,,,,,0,DR7+8,Sloan,SDSS J100638.67+160942.4,151.66117,16.16181
J100638.69+160033.9,24.7,2.2,5.0,0.3,7.0,54881.284,17.0,16.26,15.99,0,0.0,0.0,0,DR7+8,Sloan,SDSS J100638.68+160033.8,151.66121,16.00942
J100638.69+160033.9,19.7,2.2,5.6,0.3,7.0,54889.343,,,,,,,0,DR7+8,Sloan,SDSS J100638.68+160033.8,151.66121,16.00942
J100638.75+160613.7,212.9,7.4,1.7,0.5,6.1,54889.343,21.79,21.39,21.19,1,0.983,0.913,0,DR7+8,Sloan,SDSS J100638.74+160613.6,151.66146,16.10381
J100638.77+161402.6,10.0,2.3,2.0,0.3,11.3,54889.343,23.58,22.12,20.44,0,,,0,DR7+8,Sloan,SDSS J100638.76+161402.5,151.66154,16.23406
J100638.79+161022.2,4.5,2.5,3.5,0.4,8.4,54889.343,23.07,21.62,20.83,0,,,0,DR7+8,Sloan,SDSS J100638.79+161022.1,151.66162,16.17283
J100638.89+155432.8,17.7,2.4,2.6,0.3,11.5,54890.444,22.53,20.86,19.84,0,,,0,DR7+8,Sloan,SDSS J100638.88+155432.7,151.66204,15.90911
J100639.33+160008.6,205.4,2.5,0.6,0.3,7.2,55240.355,19.44,19.03,18.9,1,0.94,0.946,0,DR7+8,Sloan,SDSS J100639.33+160008.5,151.66387,16.00239
J100639.33+160008.6,199.2,2.5,-1.9,0.5,7.2,54889.343,,,,,,,0,DR7+8,Sloan,SDSS J100639.33+160008.5,151.66387,16.00239
J100639.33+160008.6,208.4,4.4,0.5,0.5,7.2,54881.284,,,,,,,0,DR7+8,Sloan,SDSS J100639.33+160008.5,151.66387,16.00239
J100640.21+155826.2,215.8,6.3,4.6,0.7,8.1,54890.444,21.82,21.78,21.5,0,0.039,0.185,0,DR7+8,Sloan,SDSS J100640.20+155826.2,151.66754,15.97394
J100640.21+155826.2,225.3,5.9,2.4,0.8,8.1,55240.355,,,,,,,0,DR7+8,Sloan,SDSS J100640.20+155826.2,151.66754,15.97394
J100640.37+161034.7,184.1,2.9,3.9,0.5,8.2,54881.284,20.05,19.51,19.27,0,0.0,0.003,0,DR7+8,Sloan,SDSS J100640.36+161034.7,151.66821,16.17631
J100640.37+161034.7,180.5,2.3,3.5,0.3,8.2,54889.343,,,,,,,0,DR7+8,Sloan,SDSS J100640.36+161034.7,151.66821,16.17631
J100640.37+161034.7,180.6,2.3,3.8,0.3,8.2,54881.416,,,,,,,0,DR7+8,Sloan,SDSS J100640.36+161034.7,151.66821,16.17631
J100640.46+160238.1,204.6,6.4,0.2,0.6,5.7,54416.551,21.95,21.59,21.47,1,0.989,0.965,1,DR7+8,Sloan,SDSS J100640.45+160238.1,151.66858,16.04392
J100640.46+160238.1,210.7,9.0,1.6,0.5,5.7,54889.343,,,,,,,1,DR7+8,Sloan,SDSS J100640.45+160238.1,151.66858,16.04392
J100640.70+160638.0,-103.7,5.6,1.3,0.7,5.8,54881.284,20.46,20.17,20.05,0,0.0,0.0,0,DR7+8,Sloan,SDSS J100640.70+160637.9,151.66958,16.11056
J100640.70+160638.0,-108.6,3.3,0.6,0.3,5.8,54881.416,,,,,,,0,DR7+8,Sloan,SDSS J100640.70+160637.9,151.66958,16.11056
J100640.75+155932.7,231.2,6.9,-1.7,1.2,7.3,54889.343,21.06,20.82,20.79,1,0.989,0.936,0,DR7+8,Sloan,SDSS J100640.74+155932.7,151.66979,15.99242
J100640.75+155932.7,212.4,4.4,0.5,0.4,7.3,55240.355,,,,,,,0,DR7+8,Sloan,SDSS J100640.74+155932.7,151.66979,15.99242
J100641.07+161004.8,87.4,2.5,3.3,0.3,7.8,54889.343,21.3,20.53,20.21,0,,,0,DR7+8,Sloan,SDSS J100641.07+161004.8,151.67112,16.168
J100641.44+161135.5,210.4,5.1,1.5,0.5,8.9,54889.343,21.67,21.43,21.32,1,0.98,0.926,0,DR7+8,Sloan,SDSS J100641.44+161135.5,151.67267,16.19319
J100641.44+161135.5,206.6,8.9,0.8,0.5,8.9,54881.416,,,,,,,0,DR7+8,Sloan,SDSS J100641.44+161135.5,151.67267,16.19319
J100641.44+161135.5,208.1,14.9,0.6,2.3,8.9,54881.284,,,,,,,0,DR7+8,Sloan,SDSS J100641.44+161135.5,151.67267,16.19319
J100641.52+160719.4,-134.1,3.3,0.7,0.5,6.0,54889.343,23.09,21.82,21.25,0,,,0,DR7+8,Sloan,SDSS J100641.52+160719.3,151.673,16.12206
J100642.10+161055.9,13.7,2.2,5.0,0.3,8.3,54881.416,15.65,14.91,14.66,0,0.0,0.0,0,DR7+8,Sloan,SDSS J100642.09+161055.9,151.67542,16.18219
J100642.22+161040.5,58.9,5.4,4.1,0.6,8.0,54881.416,23.81,22.54,21.36,0,,,0,DR7+8,Sloan,SDSS J100642.21+161040.5,151.67592,16.17792
J100642.76+155709.3,291.9,6.4,2.1,0.5,8.8,54890.444,21.53,21.23,21.02,0,,,0,DR7+8,Sloan,SDSS J100642.75+155709.3,151.67817,15.95258
J100642.76+155709.3,300.1,5.4,1.6,0.6,8.8,55240.355,,,,,,,0,DR7+8,Sloan,SDSS J100642.75+155709.3,151.67817,15.95258
J100643.41+155449.0,-1.3,6.7,0.9,0.6,10.7,54890.444,21.96,21.47,21.29,0,0.0,0.0,0,DR7+8,Sloan,SDSS J100643.41+155448.9,151.68087,15.91361
J100643.47+160604.5,209.4,6.4,0.0,0.4,5.0,54889.343,21.17,20.96,20.82,1,0.99,0.984,0,DR7+8,Sloan,SDSS J100643.46+160604.4,151.68112,16.10125
J100643.54+160239.9,14.4,2.3,2.9,0.3,5.0,54416.551,22.63,20.92,20.0,0,,,1,DR7+8,Sloan,SDSS J100643.53+160239.9,151.68142,16.04442
J100643.70+161050.6,37.1,2.3,4.4,0.3,8.0,54881.284,18.89,17.96,17.61,0,,,0,DR7+8,Sloan,SDSS J100643.69+161050.5,151.68208,16.18072
J100643.70+161050.6,36.8,2.2,4.6,0.3,8.0,54881.416,,,,,,,0,DR7+8,Sloan,SDSS J100643.69+161050.5,151.68208,16.18072
J100644.44+160711.7,29.4,2.8,1.0,0.4,5.3,54889.343,23.7,22.12,20.29,0,,,0,DR7+8,Sloan,SDSS J100644.43+160711.6,151.68517,16.11992
J100644.44+160711.7,35.4,4.8,1.7,1.0,5.3,54881.284,,,,,,,0,DR7+8,Sloan,SDSS J100644.43+160711.6,151.68517,16.11992
J100644.45+160036.4,-76.4,4.0,4.2,0.7,5.9,54881.284,22.27,21.15,19.99,0,,,0,DR7+8,Sloan,SDSS J100644.25+160035.7,151.68521,16.01011
J100644.55+160129.4,209.3,7.5,-1.7,0.5,5.4,55240.355,20.66,20.39,20.31,1,0.997,0.99,1,DR7+8,Sloan,SDSS J100644.54+160129.4,151.68562,16.02483
J100644.55+160129.4,210.9,4.0,1.5,0.4,5.4,54416.551,,,,,,,1,DR7+8,Sloan,SDSS J100644.54+160129.4,151.68562,16.02483
J100644.55+160129.4,196.2,6.9,0.7,0.9,5.4,54881.284,,,,,,,1,DR7+8,Sloan,SDSS J100644.54+160129.4,151.68562,16.02483
J100644.55+160129.4,210.0,7.6,0.7,0.4,5.4,54889.343,,,,,,,1,DR7+8,Sloan,SDSS J100644.54+160129.4,151.68562,16.02483
J100644.58+155953.9,224.4,3.0,2.7,0.3,6.4,54881.284,17.33,17.34,17.35,1,0.988,,1,DR7+8,Sloan,SDSS J100644.57+155953.8,151.68575,15.99831
J100644.58+155953.9,207.0,2.3,2.0,0.3,6.4,54889.343,,,,,,,1,DR7+8,Sloan,SDSS J100644.57+155953.8,151.68575,15.99831
J100644.58+155953.9,200.9,2.2,2.8,0.3,6.4,54416.551,,,,,,,1,DR7+8,Sloan,SDSS J100644.57+155953.8,151.68575,15.99831
J100644.58+155953.9,219.2,2.3,2.5,0.3,6.4,55240.355,,,,,,,1,DR7+8,Sloan,SDSS J100644.57+155953.8,151.68575,15.99831
J100644.72+155806.4,20.3,2.5,3.5,0.4,7.7,54890.444,22.61,21.31,20.61,0,,,0,DR7+8,Sloan,SDSS J100644.71+155806.3,151.68633,15.96844
J100644.88+161156.9,-35.1,2.2,4.5,0.3,8.7,54881.284,17.75,16.62,16.2,0,,,0,DR7+8,Sloan,SDSS J100644.88+161156.8,151.687,16.19914
J100645.03+161338.7,13.1,2.2,5.5,0.3,10.2,54889.343,14.8,14.1,13.9,0,,,0,DR7+8,Sloan,SDSS J100645.02+161338.6,151.68762,16.22742
J100645.18+160833.1,138.4,2.4,4.0,0.4,6.0,54881.284,19.54,18.72,18.39,0,,,0,DR7+8,Sloan,SDSS J100645.17+160833.0,151.68825,16.14253
J100645.18+160833.1,139.9,2.2,4.7,0.3,6.0,54881.416,,,,,,,0,DR7+8,Sloan,SDSS J100645.17+160833.0,151.68825,16.14253
J100645.38+160636.5,57.9,2.2,3.5,0.3,4.8,54881.416,16.91,15.66,16.21,0,,,0,DR7+8,Sloan,SDSS J100645.35+160638.8,151.68908,16.11014
J100645.44+160623.5,-24.7,2.2,4.6,0.3,4.7,54881.284,15.81,14.98,14.66,0,0.0,0.0,0,DR7+8,Sloan,SDSS J100645.43+160623.4,151.68933,16.10653
J100645.44+160623.5,-22.0,2.2,4.8,0.3,4.7,54881.416,,,,,,,0,DR7+8,Sloan,SDSS J100645.43+160623.4,151.68933,16.10653
J100645.46+161105.6,-9.0,2.2,4.7,0.3,7.9,54881.284,16.48,15.65,15.35,0,0.0,0.0,0,DR7+8,Sloan,SDSS J100645.45+161105.6,151.68942,16.18489
J100645.46+161105.6,-3.8,2.2,3.7,0.3,7.9,54889.343,,,,,,,0,DR7+8,Sloan,SDSS J100645.45+161105.6,151.68942,16.18489
J100645.81+161019.5,149.1,3.4,3.5,0.5,7.2,54881.416,24.6,22.56,21.63,0,,,0,DR7+8,Sloan,SDSS J100645.80+161019.4,151.69087,16.17208
J100645.82+155942.0,-8.6,3.1,2.6,0.4,6.3,54881.284,22.92,21.08,19.47,0,,,0,DR7+8,Sloan,SDSS J100645.81+155941.9,151.69092,15.995
J100645.88+160551.1,67.2,2.3,4.4,0.3,4.4,54881.284,18.92,18.0,17.66,0,,,0,DR7+8,Sloan,SDSS J100645.88+160551.1,151.69117,16.09753
J100646.58+155805.0,-14.0,2.2,4.2,0.3,7.5,54881.284,15.89,15.56,15.44,0,,,0,DR7+8,Sloan,SDSS J100646.58+155805.0,151.69408,15.96806
J100646.78+160608.3,294.5,2.9,2.2,0.3,4.3,54881.416,20.53,20.22,20.07,0,,,0,DR7+8,Sloan,SDSS J100646.77+160608.3,151.69492,16.10231
J100647.24+161001.1,68.7,3.2,-9.9,,6.8,54881.416,22.04,20.6,19.73,0,,,0,DR7+8,Sloan,SDSS J100647.24+161001.0,151.69683,16.16697
J100647.73+160425.2,36.6,2.2,4.3,0.3,3.7,54889.343,17.97,17.28,17.04,0,0.0,0.0,0,DR7+8,Sloan,SDSS J100647.73+160425.1,151.69887,16.07367
J100647.73+160425.2,35.2,2.2,4.4,0.3,3.7,54881.284,,,,,,,0,DR7+8,Sloan,SDSS J100647.73+160425.1,151.69887,16.07367
J100647.76+160203.5,61.8,2.3,3.5,0.3,4.4,55240.355,22.22,20.74,19.7,0,,,0,DR7+8,Sloan,SDSS J100647.75+160203.5,151.699,16.03431
J100647.77+155929.8,-10.5,2.4,3.0,0.3,6.2,55240.355,22.07,20.63,19.99,0,,,0,DR7+8,Sloan,SDSS J100647.77+155929.7,151.69904,15.99161
J100647.94+160811.9,203.8,6.5,0.7,0.4,5.3,54881.416,21.11,20.94,20.62,1,0.988,0.973,0,DR7+8,Sloan,SDSS J100647.93+160811.8,151.69975,16.13664
J100648.52+160958.1,306.0,2.6,1.8,0.3,6.6,54881.416,20.27,19.98,19.79,0,,,0,DR7+8,Sloan,SDSS J100648.51+160958.1,151.70217,16.16614
J100648.52+160958.1,293.5,11.7,2.0,0.8,6.6,54881.284,,,,,,,0,DR7+8,Sloan,SDSS J100648.51+160958.1,151.70217,16.16614
J100648.85+155840.3,0.2,2.3,1.7,0.4,6.7,54890.444,23.73,22.43,20.84,0,,,0,DR7+8,Sloan,SDSS J100648.84+155840.3,151.70354,15.97786
J100648.85+155840.3,-12.9,7.0,8.2,2.0,6.7,54881.284,,,,,,,0,DR7+8,Sloan,SDSS J100648.84+155840.3,151.70354,15.97786
J100648.90+160613.3,51.1,2.2,4.9,0.3,3.9,54881.416,19.18,18.13,17.74,0,,,0,DR7+8,Sloan,SDSS J100648.89+160613.3,151.70375,16.10369
J100649.05+160348.7,217.0,13.6,2.9,1.1,3.5,54881.284,20.56,20.34,20.26,1,0.996,0.968,1,DR7+8,Sloan,SDSS J100649.05+160348.7,151.70437,16.06353
J100649.05+160348.7,199.4,5.1,2.0,0.4,3.5,54416.551,,,,,,,1,DR7+8,Sloan,SDSS J100649.05+160348.7,151.70437,16.06353
J100649.34+155825.2,85.1,2.2,4.1,0.3,6.9,54890.444,17.1,16.68,16.51,0,0.0,0.0,0,DR7+8,Sloan,SDSS J100649.34+155825.1,151.70558,15.97367
J100649.34+155825.2,84.7,2.3,4.1,0.3,6.9,54881.284,,,,,,,0,DR7+8,Sloan,SDSS J100649.34+155825.1,151.70558,15.97367
J100649.63+160308.3,199.5,9.4,0.6,0.4,3.5,54889.343,21.11,20.97,20.86,1,0.994,0.989,1,DR7+8,Sloan,SDSS J100649.63+160308.3,151.70679,16.05231
J100649.63+160308.3,208.3,6.7,0.5,0.5,3.5,54416.551,,,,,,,1,DR7+8,Sloan,SDSS J100649.63+160308.3,151.70679,16.05231
J100649.74+160247.1,84.4,2.7,2.4,0.4,3.6,54881.284,18.59,18.29,18.15,0,,,0,DR7+8,Sloan,SDSS J100649.73+160247.1,151.70725,16.04642
J100649.74+160247.1,81.9,2.2,2.1,0.3,3.6,54889.343,,,,,,,0,DR7+8,Sloan,SDSS J100649.73+160247.1,151.70725,16.04642
J100650.09+155741.5,187.7,4.8,3.0,0.5,7.4,54890.444,21.9,21.55,21.27,0,0.073,0.018,0,DR7+8,Sloan,SDSS J100650.08+155741.4,151.70871,15.96153
J100650.09+155741.5,186.0,5.0,2.1,0.7,7.4,55240.355,,,,,,,0,DR7+8,Sloan,SDSS J100650.08+155741.4,151.70871,15.96153
J100650.30+160708.9,203.2,6.5,0.1,0.4,4.1,54881.416,21.02,20.78,20.73,1,0.98,0.984,0,DR7+8,Sloan,SDSS J100650.29+160708.9,151.70958,16.11914
J100650.83+160351.2,312.6,11.9,0.7,0.7,3.0,54416.551,22.13,21.97,21.85,0,,,1,DR7+8,Sloan,SDSS J100650.82+160351.1,151.71179,16.06422
J100651.04+160425.3,103.7,3.9,4.1,0.4,2.9,54889.343,21.68,21.2,21.17,0,0.0,0.0,1,DR7+8,Sloan,SDSS J100651.04+160425.2,151.71267,16.07369
J100651.04+160425.3,97.7,3.2,3.7,0.6,2.9,54416.551,,,,,,,1,DR7+8,Sloan,SDSS J100651.04+160425.2,151.71267,16.07369
J100651.36+155721.8,15.1,2.2,3.1,0.3,7.6,54890.444,21.31,19.9,19.33,0,,,0,DR7+8,Sloan,SDSS J100651.35+155721.7,151.714,15.95606
J100651.74+161759.2,394.9,8.9,-9.9,,13.8,54889.267,21.42,20.93,20.95,0,,,0,DR7+8,Sloan,SDSS J100651.73+161759.2,151.71558,16.29978
J100652.22+155452.8,-52.9,2.7,1.9,0.4,9.9,54890.444,21.01,20.46,20.21,0,,,0,DR7+8,Sloan,SDSS J100652.21+155452.8,151.71758,15.91467
J100652.23+160349.2,204.2,5.3,1.2,0.5,2.7,55240.355,21.47,21.43,21.23,1,0.998,0.984,0,DR7+8,Sloan,SDSS J100652.22+160349.2,151.71762,16.06367
J100652.33+160235.8,211.5,8.8,0.5,0.4,3.2,54881.284,18.87,18.39,18.16,1,0.983,0.998,1,DR7+8,Sloan,SDSS J100652.32+160235.8,151.71804,16.04328
J100652.33+160235.8,203.0,2.3,0.5,0.3,3.2,54889.343,,,,,,,1,DR7+8,Sloan,SDSS J100652.32+160235.8,151.71804,16.04328
J100652.33+160235.8,210.8,2.3,0.9,0.3,3.2,55240.355,,,,,,,1,DR7+8,Sloan,SDSS J100652.32+160235.8,151.71804,16.04328
J100652.33+160235.8,216.1,2.9,0.5,0.3,3.2,54416.551,,,,,,,1,DR7+8,Sloan,SDSS J100652.32+160235.8,151.71804,16.04328
J100653.05+160946.4,206.7,7.0,2.4,0.6,5.9,54881.416,20.58,20.33,20.12,1,0.99,0.969,0,DR7+8,Sloan,SDSS J100653.05+160946.4,151.72104,16.16289
J100653.05+160946.4,205.0,3.0,1.6,0.3,5.9,54889.267,,,,,,,0,DR7+8,Sloan,SDSS J100653.05+160946.4,151.72104,16.16289
J100653.39+155944.0,2.4,2.3,4.2,0.3,5.2,54881.284,15.59,14.98,14.74,0,,,0,DR7+8,Sloan,SDSS J100653.39+155943.9,151.72246,15.99556
J100653.88+160255.7,64.2,3.0,3.8,0.5,2.7,55240.355,23.84,22.22,21.05,0,,,0,DR7+8,Sloan,SDSS J100653.88+160255.7,151.7245,16.04881
J100653.97+154856.9,-72.9,3.3,-9.9,,15.6,55240.402,19.04,18.52,18.29,0,0.0,,0,DR7+8,Sloan,SDSS J100653.96+154856.9,151.72487,15.81581
J100654.23+155520.7,268.5,6.2,4.4,0.7,9.3,54890.444,22.1,21.53,21.28,0,0.0,0.001,0,DR7+8,Sloan,SDSS J100654.22+155520.7,151.72596,15.92242
J100654.33+161614.7,145.3,2.6,3.1,0.4,12.0,54889.267,22.23,21.11,20.71,0,,,0,DR7+8,Sloan,SDSS J100654.32+161614.7,151.72637,16.27075
J100654.46+160126.6,211.9,7.4,0.3,0.5,3.6,55240.355,21.61,21.21,21.01,1,0.995,0.985,0,DR7+8,Sloan,SDSS J100654.45+160126.6,151.72692,16.02406
J100654.52+161329.0,35.1,2.5,2.8,0.5,9.3,54889.267,25.59,23.54,21.56,0,,,0,DR7+8,Sloan,SDSS J100654.51+161329.0,151.72717,16.22472
J100654.56+160626.3,209.6,11.8,0.5,0.5,2.9,54889.267,22.04,21.6,21.39,1,0.996,0.977,0,DR7+8,Sloan,SDSS J100654.55+160626.2,151.72733,16.10731
J100654.60+161749.4,-180.2,20.4,2.8,14.1,13.6,54889.267,21.46,21.04,20.96,0,0.0,,0,DR7+8,Sloan,SDSS J100654.59+161749.4,151.7275,16.29706
J100654.88+155658.0,178.2,2.2,4.6,0.3,7.7,54890.444,19.2,18.18,17.78,0,,,0,DR7+8,Sloan,SDSS J100654.87+155657.9,151.72867,15.94944
J100655.35+155514.5,215.7,5.9,4.3,0.8,9.4,54890.444,23.23,22.2,21.84,0,,,0,DR7+8,Sloan,SDSS J100655.34+155514.5,151.73062,15.92069
J100655.45+160416.2,213.5,3.8,1.7,0.4,1.9,54416.551,20.7,20.42,20.31,1,0.998,0.99,1,DR7+8,Sloan,SDSS J100655.44+160416.2,151.73104,16.07117
J100656.13+160660.0,302.0,2.6,1.8,0.4,3.1,54889.267,21.35,21.1,20.99,0,,,0,DR7+8,Sloan,SDSS J100656.13+160659.9,151.73387,16.11667
J100656.29+161100.5,117.1,4.1,2.6,0.3,6.8,54889.267,23.61,22.32,20.69,0,,,0,DR7+8,Sloan,SDSS J100656.29+161100.4,151.73454,16.18347
J100656.30+161100.5,110.8,3.6,2.7,0.3,6.8,54889.267,23.61,22.32,20.69,0,,,0,DR7+8,Sloan,SDSS J100656.29+161100.4,151.73458,16.18347
J100657.41+155806.0,-42.5,5.2,2.5,0.7,6.5,54890.444,22.1,21.76,21.41,0,0.0,0.0,0,DR7+8,Sloan,SDSS J100657.40+155806.0,151.73921,15.96833
J100657.42+160300.0,217.3,4.2,-0.5,0.6,2.0,54416.551,21.6,21.31,21.13,1,0.996,0.988,1,DR7+8,Sloan,SDSS J100657.41+160300.0,151.73925,16.05
J100657.56+161734.9,-19.7,2.7,3.1,0.3,13.2,54889.267,20.37,19.9,19.75,0,0.0,,0,DR7+8,Sloan,SDSS J100657.55+161734.9,151.73983,16.29303
J100657.62+160230.1,213.3,5.3,3.0,0.8,2.3,54416.551,22.35,22.21,21.84,1,0.958,0.927,1,DR7+8,Sloan,SDSS J100657.61+160230.0,151.74008,16.04169
J100657.78+160735.8,83.6,2.2,4.3,0.3,3.4,54881.416,18.73,18.17,17.95,0,0.0,0.0,0,DR7+8,Sloan,SDSS J100657.77+160735.8,151.74075,16.12661
J100657.78+160735.8,83.1,2.2,4.1,0.3,3.4,54889.267,,,,,,,0,DR7+8,Sloan,SDSS J100657.77+160735.8,151.74075,16.12661
J100658.11+160701.4,187.0,2.3,2.6,0.3,2.9,54881.416,19.17,18.83,18.72,0,,,0,DR7+8,Sloan,SDSS J100658.10+160701.3,151.74212,16.11706
J100658.53+160059.9,-14.2,2.2,3.6,0.3,3.6,54416.551,20.68,19.4,18.54,0,,,1,DR7+8,Sloan,SDSS J100658.53+160059.9,151.74387,16.01664
J100658.54+155748.9,290.5,3.6,3.3,0.4,6.7,54890.444,21.53,21.09,20.83,0,,,0,DR7+8,Sloan,SDSS J100658.53+155748.9,151.74392,15.96358
J100658.54+161415.1,78.4,2.2,4.7,0.3,9.9,54889.267,18.81,17.81,17.43,0,,,0,DR7+8,Sloan,SDSS J100658.54+161415.1,151.74392,16.23753
J100658.95+155452.2,134.4,2.5,3.0,0.3,9.6,54889.542,19.32,18.96,18.85,0,,,0,DR7+8,Sloan,SDSS J100658.94+155452.1,151.74562,15.9145
J100658.95+155452.2,134.6,2.3,2.4,0.3,9.6,54890.444,,,,,,,0,DR7+8,Sloan,SDSS J100658.94+155452.1,151.74562,15.9145
J100659.02+160959.6,-20.1,2.4,2.0,0.3,5.7,54889.267,20.27,19.88,19.8,0,0.0,0.0,0,DR7+8,Sloan,SDSS J100659.01+160959.6,151.74592,16.16656
J100659.10+160437.0,224.2,6.2,0.9,0.5,1.0,55240.355,21.54,21.2,21.12,1,0.996,0.95,0,DR7+8,Sloan,SDSS J100659.09+160437.0,151.74625,16.07694
J100659.16+160654.8,212.8,6.8,2.5,0.5,2.7,54889.267,22.1,21.65,21.56,1,0.992,0.969,0,DR7+8,Sloan,SDSS J100659.16+160654.7,151.7465,16.11522
J100659.16+160654.8,201.6,5.7,1.3,0.5,2.7,54881.416,,,,,,,0,DR7+8,Sloan,SDSS J100659.16+160654.7,151.7465,16.11522
J100659.36+161053.9,-18.5,2.4,4.9,0.3,6.5,54889.267,14.65,13.82,13.55,0,,,0,DR7+8,Sloan,SDSS J100659.36+161053.8,151.74733,16.18164
J100659.50+160403.7,16.4,2.5,4.2,0.4,1.0,55240.355,19.63,18.29,17.71,0,,,0,DR7+8,Sloan,SDSS J100659.57+160402.9,151.74792,16.06769
J100659.69+161210.6,0.8,10.0,2.6,0.5,7.8,54889.267,22.41,21.79,21.69,0,0.0,0.0,0,DR7+8,Sloan,SDSS J100659.68+161210.6,151.74871,16.20294
J100659.76+160218.5,204.1,4.9,-0.8,0.6,2.3,54416.551,21.96,21.58,21.43,1,0.995,0.992,1,DR7+8,Sloan,SDSS J100659.76+160218.5,151.749,16.03847
J100659.90+155126.2,-19.4,2.6,3.1,0.3,13.0,55240.402,19.72,19.36,19.17,0,0.0,0.0,0,DR7+8,Sloan,SDSS J100659.90+155126.2,151.74958,15.85728
J100659.90+155126.2,-12.7,2.7,2.4,0.3,13.0,54889.542,,,,,,,0,DR7+8,Sloan,SDSS J100659.90+155126.2,151.74958,15.85728
J100659.94+160912.2,-20.8,2.2,2.5,0.3,4.9,54889.267,22.47,20.94,19.81,0,,,0,DR7+8,Sloan,SDSS J100659.93+160912.1,151.74975,16.15339
J100659.95+160408.7,172.2,4.9,-0.5,0.7,0.8,55240.355,22.15,21.74,21.57,0,0.013,0.393,0,DR7+8,Sloan,SDSS J100659.94+160408.7,151.74979,16.06908
J100659.95+160408.7,197.3,13.0,-0.3,8.7,0.8,54889.267,,,,,,,0,DR7+8,Sloan,SDSS J100659.94+160408.7,151.74979,16.06908
J100700.15+155052.8,-122.5,7.5,-0.3,0.8,13.6,54889.542,20.66,20.39,20.48,0,0.0,0.0,0,DR7+8,Sloan,SDSS J100700.15+155052.7,151.75062,15.848
J100700.60+155148.2,66.0,2.2,4.8,0.3,12.6,55240.402,18.28,17.45,17.59,0,0.0,0.0,0,DR7+8,Sloan,SDSS J100700.59+155148.1,151.7525,15.86339
J100700.60+155148.2,67.9,2.2,4.3,0.3,12.6,54889.542,,,,,,,0,DR7+8,Sloan,SDSS J100700.59+155148.1,151.7525,15.86339
J100700.72+160609.8,203.9,10.0,-0.6,0.5,1.8,54881.416,22.02,21.77,21.68,1,0.994,0.988,0,DR7+8,Sloan,SDSS J100700.71+160609.8,151.753,16.10272
J100700.90+160400.8,217.8,13.1,-0.1,0.5,0.7,54889.267,21.92,21.7,21.36,1,1.0,0.985,0,DR7+8,Sloan,SDSS J100700.89+160400.8,151.75375,16.06689
J100701.05+160453.5,217.8,5.2,-0.4,0.4,0.7,54889.267,21.39,21.02,20.91,1,1.0,0.991,0,DR7+8,Sloan,SDSS J100701.05+160453.5,151.75437,16.08153
J100701.34+160200.0,209.2,2.7,0.6,0.4,2.5,54416.551,20.52,20.27,20.19,1,0.999,0.995,1,DR7+8,Sloan,SDSS J100701.33+160200.0,151.75558,16.03333
J100701.34+160200.0,217.6,5.1,1.4,0.4,2.5,55240.355,,,,,,,1,DR7+8,Sloan,SDSS J100701.33+160200.0,151.75558,16.03333
J100701.38+160754.9,108.5,3.4,3.0,0.5,3.5,54889.267,23.4,22.0,21.36,0,,,0,DR7+8,Sloan,SDSS J100701.38+160754.8,151.75575,16.13192
J100701.40+160440.6,222.2,6.3,1.8,0.5,0.5,55240.355,21.31,21.07,20.92,1,1.0,0.951,0,DR7+8,Sloan,SDSS J100701.39+160440.5,151.75583,16.07794
J100701.43+160234.4,-1.7,2.4,3.2,0.4,1.9,55240.355,22.77,21.22,20.36,0,,,0,DR7+8,Sloan,SDSS J100701.42+160234.4,151.75596,16.04289
J100701.47+160304.4,200.9,6.1,-0.9,1.0,1.4,54416.551,22.37,22.25,21.85,1,0.994,0.987,1,DR7+8,Sloan,SDSS J100701.46+160304.3,151.75612,16.05122
J100701.71+160808.4,-35.3,2.4,1.3,0.3,3.7,54881.416,19.58,19.28,19.18,0,,,0,DR7+8,Sloan,SDSS J100701.71+160808.4,151.75712,16.13567
J100701.90+160841.9,123.0,3.7,3.2,0.7,4.3,54889.267,22.61,21.81,21.88,0,0.0,0.001,0,DR7+8,Sloan,SDSS J100701.89+160841.8,151.75792,16.14497
J100701.99+154933.6,149.1,16.7,1.1,0.6,14.9,55240.402,20.63,20.36,20.35,0,0.0,0.006,0,DR7+8,Sloan,SDSS J100701.98+154933.6,151.75829,15.826
J100702.11+155646.9,219.2,7.5,0.4,0.6,7.6,54890.444,21.8,21.37,21.32,1,0.991,0.898,0,DR7+8,Sloan,SDSS J100702.10+155646.8,151.75879,15.94636
J100702.31+161720.8,118.9,6.0,4.4,0.5,12.9,54889.267,21.74,21.35,21.31,0,0.0,0.0,0,DR7+8,Sloan,SDSS J100702.30+161720.7,151.75962,16.28911
J100702.41+161508.6,111.2,2.4,4.1,0.3,10.7,54889.267,21.05,20.4,20.18,0,,,0,DR7+8,Sloan,SDSS J100702.39+161508.6,151.76004,16.25239
J100702.46+155055.3,208.4,2.4,2.3,0.3,13.5,54889.542,18.48,17.94,17.73,1,0.961,0.886,0,DR7+8,Sloan,SDSS J100702.46+155055.2,151.76025,15.84869
J100702.46+155055.3,209.9,2.3,2.6,0.3,13.5,55240.402,,,,,,,0,DR7+8,Sloan,SDSS J100702.46+155055.2,151.76025,15.84869
J100702.73+154952.9,77.0,25.4,5.6,0.9,14.5,55240.402,22.84,21.74,20.91,0,,,0,DR7+8,Sloan,SDSS J100702.72+154952.8,151.76137,15.83136
J100702.96+160136.4,155.9,5.9,-0.6,0.6,2.8,54416.551,21.77,21.47,21.49,0,0.0,0.111,1,DR7+8,Sloan,SDSS J100702.95+160136.3,151.76233,16.02678
J100702.98+155302.2,27.6,2.5,2.9,0.4,11.4,54889.542,23.0,21.35,20.09,0,,,0,DR7+8,Sloan,SDSS J100702.98+155302.2,151.76242,15.88394
J100703.01+160425.0,215.6,3.8,0.9,0.4,0.0,54889.267,20.99,20.75,20.66,1,1.0,0.991,0,DR7+8,Sloan,SDSS J100703.00+160425.0,151.76254,16.07361
J100703.03+154847.3,-105.1,3.2,3.1,0.3,15.6,55240.402,18.76,18.41,18.3,0,,,0,DR7+8,Sloan,SDSS J100703.02+154847.2,151.76262,15.81314
J100703.15+154829.1,53.1,2.4,3.9,0.5,15.9,55240.402,21.69,20.32,19.27,0,,,0,DR7+8,Sloan,SDSS J100703.14+154829.0,151.76312,15.80808
J100703.15+160335.0,191.7,4.4,0.9,0.5,0.8,54889.267,21.81,21.48,21.41,1,0.994,0.963,1,DR7+8,Sloan,SDSS J100703.15+160335.0,151.76312,16.05972
J100703.15+160335.0,204.0,9.0,3.0,0.7,0.8,54881.311,,,,,,,1,DR7+8,Sloan,SDSS J100703.15+160335.0,151.76312,16.05972
J100703.15+160335.0,207.1,5.2,0.6,0.7,0.8,54416.551,,,,,,,1,DR7+8,Sloan,SDSS J100703.15+160335.0,151.76312,16.05972
J100703.26+160234.4,207.7,3.3,1.7,0.3,1.8,54881.311,20.62,20.33,20.13,1,0.998,0.984,1,DR7+8,Sloan,SDSS J100703.26+160234.4,151.76358,16.04289
J100703.26+160234.4,199.9,3.5,2.8,0.4,1.8,54889.267,,,,,,,1,DR7+8,Sloan,SDSS J100703.26+160234.4,151.76358,16.04289
J100703.26+160234.4,206.0,2.7,1.9,0.4,1.8,54416.551,,,,,,,1,DR7+8,Sloan,SDSS J100703.26+160234.4,151.76358,16.04289
J100703.26+160234.4,199.6,3.5,1.7,0.4,1.8,55240.355,,,,,,,1,DR7+8,Sloan,SDSS J100703.26+160234.4,151.76358,16.04289
J100703.32+160140.6,210.1,21.1,0.6,0.5,2.7,54416.551,21.17,20.97,20.83,1,0.996,0.985,1,DR7+8,Sloan,SDSS J100703.31+160140.6,151.76383,16.02794
J100703.32+160140.6,213.2,13.6,-0.2,0.4,2.7,54881.311,,,,,,,1,DR7+8,Sloan,SDSS J100703.31+160140.6,151.76383,16.02794
J100703.42+160951.8,62.3,2.2,4.3,0.3,5.4,54881.311,15.29,14.94,14.78,0,,,0,DR7+8,Sloan,SDSS J100703.41+160951.7,151.76425,16.16439
J100703.51+160642.3,24.4,2.2,4.4,0.3,2.3,54881.416,17.99,17.22,16.92,0,,,0,DR7+8,Sloan,SDSS J100703.51+160642.3,151.76462,16.11175
J100703.59+161348.0,16.5,2.4,3.3,0.3,9.4,54889.267,19.67,19.35,19.16,0,0.0,0.0,0,DR7+8,Sloan,SDSS J100703.75+161350.2,151.76496,16.23
J100703.63+161449.5,-38.9,2.2,4.4,0.3,10.4,54889.267,16.62,16.06,15.83,0,0.0,0.0,0,DR7+8,Sloan,SDSS J100703.62+161449.4,151.76512,16.24708
J100704.30+155640.6,113.3,3.0,1.9,0.3,7.7,54890.444,18.95,18.61,18.46,0,,,0,DR7+8,Sloan,SDSS J100704.29+155640.5,151.76792,15.94461
J100704.35+160459.4,227.2,4.4,1.5,0.4,0.6,54881.311,21.04,20.76,20.69,1,1.0,0.488,0,DR7+8,Sloan,SDSS J100704.35+160459.4,151.76812,16.08317
J100704.35+160459.4,233.5,3.3,0.6,0.5,0.6,55240.355,,,,,,,0,DR7+8,Sloan,SDSS J100704.35+160459.4,151.76812,16.08317
J100704.58+160130.8,295.8,3.9,1.2,0.4,2.9,54881.311,21.21,20.82,20.76,0,,,0,DR7+8,Sloan,SDSS J100704.79+160132.6,151.76908,16.02522
J100704.63+160812.6,296.9,3.4,1.8,0.4,3.8,54889.267,21.08,20.85,20.74,0,,,0,DR7+8,Sloan,SDSS J100704.62+160812.5,151.76929,16.13683
J100704.63+160812.6,297.2,4.1,2.0,0.4,3.8,54881.311,,,,,,,0,DR7+8,Sloan,SDSS J100704.62+160812.5,151.76929,16.13683
J100704.97+155903.7,-41.9,2.3,3.7,0.3,5.4,55240.402,21.0,19.66,19.07,0,,,0,DR7+8,Sloan,SDSS J100704.96+155903.7,151.77071,15.98436
J100705.28+155850.6,28.9,2.2,4.8,0.3,5.6,54881.311,16.19,15.14,14.92,0,0.0,0.0,0,DR7+8,Sloan,SDSS J100705.27+155850.6,151.772,15.98072
J100705.53+160527.0,23.7,7.0,3.1,0.4,1.2,54881.311,21.3,20.93,21.02,0,0.0,0.0,0,DR7+8,Sloan,SDSS J100705.52+160527.0,151.77304,16.09083
J100705.53+160527.0,23.4,3.0,0.9,0.4,1.2,54889.267,,,,,,,0,DR7+8,Sloan,SDSS J100705.52+160527.0,151.77304,16.09083
J100705.55+155635.8,-29.3,2.2,4.9,0.3,7.8,54890.444,14.8,13.39,13.25,0,0.0,0.0,0,DR7+8,Sloan,SDSS J100705.54+155635.8,151.77312,15.94328
J100705.60+160422.0,203.4,2.5,3.2,0.3,0.6,54881.311,17.46,17.53,17.6,1,1.0,,1,DR7+8,Sloan,SDSS J100705.59+160422.0,151.77333,16.07278
J100705.60+160422.0,209.4,3.5,3.4,0.3,0.6,54881.416,,,,,,,1,DR7+8,Sloan,SDSS J100705.59+160422.0,151.77333,16.07278
J100705.60+160422.0,199.2,2.3,2.9,0.3,0.6,54416.551,,,,,,,1,DR7+8,Sloan,SDSS J100705.59+160422.0,151.77333,16.07278
J100705.60+160422.0,212.5,2.6,3.3,0.3,0.6,55240.355,,,,,,,1,DR7+8,Sloan,SDSS J100705.59+160422.0,151.77333,16.07278
J100706.09+155247.4,91.5,2.2,4.5,0.3,11.6,54889.542,16.48,15.74,15.45,0,0.0,0.0,0,DR7+8,Sloan,SDSS J100706.08+155247.4,151.77537,15.87983
J100706.17+155939.1,-8.3,4.2,1.6,0.9,4.8,54881.311,22.32,21.87,21.65,0,0.0,0.0,0,DR7+8,Sloan,SDSS J100706.16+155939.0,151.77571,15.99419
J100706.28+155812.3,198.4,8.1,0.7,0.5,6.3,54881.311,21.2,20.96,20.78,1,0.985,0.928,0,DR7+8,Sloan,SDSS J100706.28+155812.3,151.77617,15.97008
J100706.64+155521.3,-28.8,2.2,4.4,0.3,9.1,54890.444,16.66,15.84,15.52,0,0.0,0.0,0,DR7+8,Sloan,SDSS J100706.63+155521.3,151.77767,15.92258
J100706.64+155521.3,-27.5,2.2,4.6,0.3,9.1,54889.542,,,,,,,0,DR7+8,Sloan,SDSS J100706.63+155521.3,151.77767,15.92258
J100706.75+160444.4,215.1,6.8,2.1,0.6,0.9,55240.355,21.78,21.49,21.39,1,0.997,0.985,1,DR7+8,Sloan,SDSS J100706.74+160444.4,151.77812,16.079
J100706.75+160444.4,207.0,6.7,1.2,0.7,0.9,54416.551,,,,,,,1,DR7+8,Sloan,SDSS J100706.74+160444.4,151.77812,16.079
J100707.02+161152.2,-47.2,2.8,4.3,0.3,7.5,54889.267,21.59,20.96,20.55,0,,,0,DR7+8,Sloan,SDSS J100707.01+161152.1,151.77925,16.19783
J100707.45+161550.1,103.3,2.2,4.2,0.3,11.5,54889.267,19.96,19.22,18.99,0,,,0,DR7+8,Sloan,SDSS J100707.44+161550.0,151.78104,16.26392
J100707.60+155426.2,-17.5,2.7,3.1,0.4,10.0,54889.542,20.33,19.92,19.78,0,0.0,0.0,0,DR7+8,Sloan,SDSS J100707.59+155426.2,151.78167,15.90728
J100707.60+155426.2,-24.6,2.5,2.9,0.3,10.0,54890.444,,,,,,,0,DR7+8,Sloan,SDSS J100707.59+155426.2,151.78167,15.90728
J100707.65+160243.2,-34.3,2.2,4.5,0.3,2.0,54416.551,18.53,18.0,17.79,0,0.0,0.0,1,DR7+8,Sloan,SDSS J100707.65+160243.2,151.78187,16.04533
J100707.72+155801.3,-53.3,5.5,4.7,0.9,6.5,54881.311,22.78,22.09,21.82,0,0.0,0.0,0,DR7+8,Sloan,SDSS J100707.71+155801.3,151.78217,15.96703
J100707.73+160533.5,35.1,2.2,3.3,0.3,1.6,54881.311,20.41,19.05,18.35,0,,,0,DR7+8,Sloan,SDSS J100707.72+160533.4,151.78221,16.09264
J100707.80+160721.5,247.7,2.8,1.7,0.3,3.1,54881.311,20.64,20.34,20.23,0,0.0,0.068,0,DR7+8,Sloan,SDSS J100707.79+160721.4,151.7825,16.12264
J100707.80+160721.5,245.6,2.6,1.5,0.3,3.1,54889.267,,,,,,,0,DR7+8,Sloan,SDSS J100707.79+160721.4,151.7825,16.12264
J100707.80+160721.5,251.0,2.4,1.6,0.3,3.1,54881.416,,,,,,,0,DR7+8,Sloan,SDSS J100707.79+160721.4,151.7825,16.12264
J100708.34+160930.0,-20.8,2.2,3.4,0.3,5.2,54881.311,18.08,17.66,17.5,0,0.0,0.0,0,DR7+8,Sloan,SDSS J100708.33+160929.9,151.78475,16.15833
J100708.37+155646.3,286.3,5.4,3.4,0.7,7.7,54890.444,22.01,21.55,21.45,0,,,0,DR7+8,Sloan,SDSS J100708.37+155646.2,151.78487,15.94619
J100708.50+160552.4,-29.7,9.8,0.7,0.7,1.9,54889.267,22.27,21.87,21.69,0,0.0,0.0,0,DR7+8,Sloan,SDSS J100708.49+160552.4,151.78542,16.09789
J100708.51+160401.5,208.7,3.5,1.3,0.5,1.3,54881.311,21.28,21.02,21.26,1,0.999,0.993,0,DR7+8,Sloan,SDSS J100708.50+160401.5,151.78546,16.06708
J100708.55+155343.4,91.1,2.2,4.3,0.3,10.8,54889.542,15.12,13.8,13.49,0,0.0,0.0,0,DR7+8,Sloan,SDSS J100708.49+155343.4,151.78562,15.89539
J100708.55+155343.4,90.8,2.2,4.5,0.3,10.8,54890.444,,,,,,,0,DR7+8,Sloan,SDSS J100708.49+155343.4,151.78562,15.89539
J100708.74+155502.9,-53.2,5.4,3.6,0.9,9.5,55240.402,22.72,21.73,21.21,0,,,0,DR7+8,Sloan,SDSS J100708.74+155502.9,151.78642,15.91747
J100708.77+155323.2,63.0,2.2,3.7,0.3,11.1,54889.542,16.38,15.99,15.85,0,,,0,DR7+8,Sloan,SDSS J100708.76+155323.2,151.78654,15.88978
J100708.77+155323.2,59.2,2.2,3.9,0.3,11.1,54890.444,,,,,,,0,DR7+8,Sloan,SDSS J100708.76+155323.2,151.78654,15.88978
J100708.92+160445.6,206.0,23.1,1.7,0.8,1.4,54416.551,21.82,21.54,21.36,1,0.997,0.982,1,DR7+8,Sloan,SDSS J100708.91+160445.6,151.78717,16.07933
J100708.92+160445.6,213.9,7.9,1.2,0.6,1.4,55240.355,,,,,,,1,DR7+8,Sloan,SDSS J100708.91+160445.6,151.78717,16.07933
J100709.07+160436.6,312.7,6.4,1.3,0.7,1.4,54889.267,22.29,21.91,21.59,0,,,0,DR7+8,Sloan,SDSS J100709.06+160436.5,151.78779,16.07683
J100709.07+160436.6,305.0,4.7,2.6,0.7,1.4,54881.311,,,,,,,0,DR7+8,Sloan,SDSS J100709.06+160436.5,151.78779,16.07683
J100709.24+160831.1,53.9,2.2,4.7,0.3,4.4,54881.311,20.39,19.63,19.32,0,,,0,DR7+8,Sloan,SDSS J100709.23+160831.1,151.7885,16.14197
J100709.25+160529.5,-0.5,3.6,1.6,0.5,1.8,54881.416,21.81,21.53,21.27,0,0.0,0.0,0,DR7+8,Sloan,SDSS J100709.24+160529.4,151.78854,16.09153
J100709.38+155559.4,-31.4,2.7,2.4,0.4,8.6,55240.402,22.39,20.93,20.39,0,,,0,DR7+8,Sloan,SDSS J100709.37+155559.4,151.78908,15.93317
J100709.50+155631.7,48.3,2.8,4.6,0.5,8.0,55240.402,21.86,20.93,20.5,0,,,0,DR7+8,Sloan,SDSS J100709.49+155631.6,151.78958,15.94214
J100709.70+161228.7,55.4,2.4,3.0,0.3,8.2,54881.311,23.2,21.39,20.05,0,,,0,DR7+8,Sloan,SDSS J100709.90+161229.9,151.79042,16.20797
J100709.74+155312.3,303.4,2.2,1.1,0.3,11.3,55240.402,16.11,15.8,15.72,0,,,0,DR7+8,Sloan,SDSS J100709.74+155312.2,151.79058,15.88675
J100709.74+155312.3,298.6,2.2,1.1,0.3,11.3,54890.444,,,,,,,0,DR7+8,Sloan,SDSS J100709.74+155312.2,151.79058,15.88675
J100709.87+155907.6,-26.4,25.3,2.5,0.5,5.5,55240.402,24.3,22.34,20.68,0,,,0,DR7+8,Sloan,SDSS J100709.86+155907.6,151.79112,15.98544
J100709.94+160503.2,219.5,5.0,1.0,0.6,1.7,54881.416,22.48,22.11,21.94,1,0.997,0.961,0,DR7+8,Sloan,SDSS J100709.92+160503.1,151.79142,16.08422
J100710.08+160623.9,208.0,2.2,3.6,0.3,2.6,54881.416,19.2,18.71,18.45,1,0.996,0.984,0,DR7+8,Sloan,SDSS J100710.07+160623.9,151.792,16.10664
J100710.08+160623.9,205.6,2.2,3.4,0.3,2.6,54881.311,,,,,,,0,DR7+8,Sloan,SDSS J100710.07+160623.9,151.792,16.10664
J100710.08+160623.9,208.1,6.2,3.6,0.4,2.6,55240.355,,,,,,,0,DR7+8,Sloan,SDSS J100710.07+160623.9,151.792,16.10664
J100710.08+160623.9,205.8,2.2,3.2,0.3,2.6,54889.267,,,,,,,0,DR7+8,Sloan,SDSS J100710.07+160623.9,151.792,16.10664
J100710.27+160355.9,198.9,9.6,1.9,0.7,1.8,54889.267,22.2,21.82,21.61,1,0.989,0.94,0,DR7+8,Sloan,SDSS J100710.27+160355.9,151.79279,16.06553
J100710.28+161238.4,48.3,4.2,5.3,0.8,8.4,54881.311,24.69,25.14,21.51,0,,,0,DR7+8,Sloan,SDSS J100710.27+161238.4,151.79283,16.21067
J100710.36+155133.9,51.8,2.6,3.5,0.4,13.0,55240.402,22.13,20.74,20.19,0,,,0,DR7+8,Sloan,SDSS J100710.36+155133.8,151.79317,15.85942
J100710.46+155517.2,2.6,2.4,2.3,0.3,9.3,54889.542,22.68,20.65,19.1,0,,,0,DR7+8,Sloan,SDSS J100710.45+155517.1,151.79358,15.92144
J100710.46+155517.2,6.9,17.1,1.7,0.3,9.3,55240.402,,,,,,,0,DR7+8,Sloan,SDSS J100710.45+155517.1,151.79358,15.92144
J100710.96+155738.2,216.9,4.5,1.2,0.7,7.0,54890.444,21.65,21.46,21.23,1,0.982,0.903,0,DR7+8,Sloan,SDSS J100710.95+155738.1,151.79567,15.96061
J100710.97+160512.7,50.1,2.2,3.4,0.3,2.0,54889.267,21.46,20.21,19.52,0,,,0,DR7+8,Sloan,SDSS J100710.96+160512.7,151.79571,16.08686
J100711.12+161148.9,164.0,2.3,2.4,0.3,7.6,54881.311,19.02,18.51,18.28,0,0.0,0.02,0,DR7+8,Sloan,SDSS J100711.11+161148.8,151.79633,16.19692
J100711.58+161550.7,-11.9,2.9,-9.9,,11.6,54889.444,24.67,23.79,21.79,0,,,0,DR7+8,Sloan,SDSS J100711.57+161550.7,151.79825,16.26408
J100711.63+160641.8,-33.6,3.5,2.8,0.5,3.0,54889.267,21.95,21.52,21.34,0,0.0,0.0,0,DR7+8,Sloan,SDSS J100711.62+160641.8,151.79846,16.11161
J100711.80+160630.4,247.1,15.9,0.4,1.0,2.9,54881.311,22.8,22.16,21.95,0,0.977,0.701,0,DR7+8,Sloan,SDSS J100711.79+160630.3,151.79917,16.10844
J100712.05+160755.1,-21.0,3.4,2.0,0.5,4.1,54881.311,21.59,21.27,21.34,0,0.0,0.0,0,DR7+8,Sloan,SDSS J100712.04+160755.0,151.80021,16.13197
J100712.18+161046.0,-38.1,3.4,2.9,0.3,6.7,54881.311,22.02,20.52,19.74,0,,,0,DR7+8,Sloan,SDSS J100712.17+161045.9,151.80075,16.17944
J100712.78+155516.5,37.9,2.2,3.5,0.3,9.4,54889.542,16.46,16.09,15.96,0,,,0,DR7+8,Sloan,SDSS J100712.77+155516.5,151.80325,15.92125
J100712.78+155516.5,37.6,2.2,3.6,0.3,9.4,55240.402,,,,,,,0,DR7+8,Sloan,SDSS J100712.77+155516.5,151.80325,15.92125
J100712.89+160113.1,117.8,2.2,2.3,0.3,4.0,55240.402,17.14,16.82,16.68,0,0.0,0.0,0,DR7+8,Sloan,SDSS J100712.88+160113.0,151.80371,16.02031
J100712.89+160113.1,128.1,2.2,2.4,0.3,4.0,54881.311,,,,,,,0,DR7+8,Sloan,SDSS J100712.88+160113.0,151.80371,16.02031
J100712.96+155734.8,307.9,2.4,1.7,0.3,7.2,55240.402,18.3,18.01,17.86,0,,,0,DR7+8,Sloan,SDSS J100712.96+155734.8,151.804,15.95967
J100712.96+155734.8,302.4,2.3,1.6,0.3,7.2,54890.444,,,,,,,0,DR7+8,Sloan,SDSS J100712.96+155734.8,151.804,15.95967
J100713.22+160637.7,209.3,4.8,1.1,0.4,3.3,54881.416,21.58,21.36,21.19,1,0.996,0.981,0,DR7+8,Sloan,SDSS J100713.20+160637.6,151.80508,16.11047
J100713.22+160637.7,229.7,7.6,1.1,0.5,3.3,54881.311,,,,,,,0,DR7+8,Sloan,SDSS J100713.20+160637.6,151.80508,16.11047
J100713.22+160637.7,208.7,15.4,1.3,0.6,3.3,55240.355,,,,,,,0,DR7+8,Sloan,SDSS J100713.20+160637.6,151.80508,16.11047
J100713.69+160444.8,293.4,4.8,0.5,0.6,2.5,55240.355,22.13,21.78,21.49,0,,,1,DR7+8,Sloan,SDSS J100713.68+160444.8,151.80704,16.07911
J100713.69+160444.8,298.7,4.7,1.8,0.5,2.5,54881.416,,,,,,,1,DR7+8,Sloan,SDSS J100713.68+160444.8,151.80704,16.07911
J100713.69+160444.8,300.2,3.6,1.5,0.5,2.5,54416.551,,,,,,,1,DR7+8,Sloan,SDSS J100713.68+160444.8,151.80704,16.07911
J100713.98+160608.9,-170.8,2.2,1.7,0.3,3.1,54881.416,18.02,17.73,17.68,0,,,1,DR7+8,Sloan,SDSS J100713.97+160608.8,151.80825,16.10247
J100713.98+160608.9,-175.4,2.2,1.5,0.3,3.1,54881.311,,,,,,,1,DR7+8,Sloan,SDSS J100713.97+160608.8,151.80825,16.10247
J100713.98+160608.9,-174.1,2.2,1.7,0.3,3.1,54416.551,,,,,,,1,DR7+8,Sloan,SDSS J100713.97+160608.8,151.80825,16.10247
J100714.58+160154.5,207.9,2.3,2.9,0.3,3.7,55240.402,18.83,18.3,18.06,1,0.994,0.989,0,DR7+8,Sloan,SDSS J100714.57+160154.5,151.81075,16.03181
J100714.58+160154.5,207.8,2.3,2.6,0.3,3.7,54881.416,,,,,,,0,DR7+8,Sloan,SDSS J100714.57+160154.5,151.81075,16.03181
J100714.58+160154.5,201.8,2.2,2.9,0.3,3.7,54881.311,,,,,,,0,DR7+8,Sloan,SDSS J100714.57+160154.5,151.81075,16.03181
J100714.62+160302.5,-117.1,2.5,3.5,0.3,3.1,54416.551,22.51,21.6,20.42,0,,,1,DR7+8,Sloan,SDSS J100714.61+160302.5,151.81092,16.05069
J100714.62+160302.5,-112.0,21.0,2.5,1.0,3.1,55240.402,,,,,,,1,DR7+8,Sloan,SDSS J100714.61+160302.5,151.81092,16.05069
J100714.62+155928.8,56.3,2.4,3.4,0.3,5.6,55240.402,22.01,20.66,19.56,0,,,0,DR7+8,Sloan,SDSS J100714.62+155928.8,151.81092,15.99133
J100714.66+155711.6,-6.2,2.2,4.6,0.3,7.7,54881.311,15.44,14.65,14.39,0,0.0,0.0,0,DR7+8,Sloan,SDSS J100714.65+155711.6,151.81108,15.95322
J100714.66+155711.6,1.9,2.2,4.8,0.3,7.7,54890.444,,,,,,,0,DR7+8,Sloan,SDSS J100714.65+155711.6,151.81108,15.95322
J100714.79+160627.1,205.7,5.4,3.2,0.8,3.4,54416.551,22.66,22.1,21.88,1,0.809,0.885,1,DR7+8,Sloan,SDSS J100714.78+160627.1,151.81162,16.10753
J100714.84+155758.8,77.1,3.0,3.0,0.4,7.0,55240.402,23.29,21.88,20.37,0,,,0,DR7+8,Sloan,SDSS J100714.83+155758.8,151.81183,15.96633
J100714.94+160448.8,207.7,3.7,0.8,0.4,2.8,54416.551,21.02,20.76,20.62,1,0.998,0.994,1,DR7+8,Sloan,SDSS J100714.94+160448.8,151.81225,16.08022
J100714.94+160448.8,205.8,5.7,0.6,0.4,2.8,55240.355,,,,,,,1,DR7+8,Sloan,SDSS J100714.94+160448.8,151.81225,16.08022
J100715.09+160708.2,210.7,10.9,2.2,0.6,3.9,55240.355,21.66,21.28,21.14,1,0.99,0.982,1,DR7+8,Sloan,SDSS J100715.08+160708.1,151.81287,16.11894
J100715.09+160708.2,195.4,11.8,0.4,0.5,3.9,54881.311,,,,,,,1,DR7+8,Sloan,SDSS J100715.08+160708.1,151.81287,16.11894
J100715.09+160708.2,206.8,6.5,0.6,0.5,3.9,54416.551,,,,,,,1,DR7+8,Sloan,SDSS J100715.08+160708.1,151.81287,16.11894
J100715.44+160735.0,17.3,2.2,2.3,0.3,4.3,54416.551,22.93,21.68,19.98,0,,,1,DR7+8,Sloan,SDSS J100715.43+160735.0,151.81433,16.12639
J100715.44+160735.0,13.0,2.6,2.9,0.3,4.3,55240.355,,,,,,,1,DR7+8,Sloan,SDSS J100715.43+160735.0,151.81433,16.12639
J100715.44+160735.0,20.2,2.4,1.8,0.3,4.3,54881.311,,,,,,,1,DR7+8,Sloan,SDSS J100715.43+160735.0,151.81433,16.12639
J100715.51+160552.1,282.0,2.8,1.6,0.3,3.3,54881.416,20.37,20.08,19.97,0,,,0,DR7+8,Sloan,SDSS J100715.50+160552.1,151.81462,16.09781
J100715.51+160552.1,284.2,3.2,1.4,0.3,3.3,54881.311,,,,,,,0,DR7+8,Sloan,SDSS J100715.50+160552.1,151.81462,16.09781
J100715.53+161519.1,266.8,3.1,2.0,0.4,11.3,54889.444,20.74,20.44,20.43,0,0.0,0.012,0,DR7+8,Sloan,SDSS J100715.52+161519.0,151.81471,16.25531
J100715.61+155818.2,215.6,3.9,4.5,0.6,6.8,54881.311,22.05,21.59,21.37,0,0.039,0.311,0,DR7+8,Sloan,SDSS J100715.60+155818.1,151.81504,15.97172
J100715.72+160260.0,205.1,4.3,1.3,0.4,3.3,54881.416,21.19,21.05,21.03,1,0.999,0.991,1,DR7+8,Sloan,SDSS J100715.71+160259.9,151.8155,16.05
J100715.72+160260.0,206.9,9.7,1.8,0.6,3.3,54416.551,,,,,,,1,DR7+8,Sloan,SDSS J100715.71+160259.9,151.8155,16.05
J100715.72+160260.0,214.5,5.4,0.7,0.4,3.3,54881.311,,,,,,,1,DR7+8,Sloan,SDSS J100715.71+160259.9,151.8155,16.05
J100715.80+155343.5,-36.2,2.9,2.0,0.4,11.1,54889.542,24.67,22.02,20.18,0,,,0,DR7+8,Sloan,SDSS J100715.79+155343.4,151.81583,15.89542
J100715.80+155343.5,-33.5,2.5,2.6,0.3,11.1,54890.511,,,,,,,0,DR7+8,Sloan,SDSS J100715.79+155343.4,151.81583,15.89542
J100715.80+155343.5,-33.4,2.8,2.1,0.4,11.1,55240.402,,,,,,,0,DR7+8,Sloan,SDSS J100715.79+155343.4,151.81583,15.89542
J100715.80+160544.2,205.1,7.1,0.9,0.4,3.3,54881.311,20.61,20.33,20.31,1,0.998,0.993,0,DR7+8,Sloan,SDSS J100715.79+160544.2,151.81583,16.09561
J100715.80+160544.2,209.6,3.1,1.2,0.3,3.3,54881.416,,,,,,,0,DR7+8,Sloan,SDSS J100715.79+160544.2,151.81583,16.09561
J100715.80+160544.2,214.2,6.1,1.4,0.4,3.3,55240.355,,,,,,,0,DR7+8,Sloan,SDSS J100715.79+160544.2,151.81583,16.09561
J100715.92+155615.4,76.8,3.2,2.0,0.4,8.7,54890.444,23.41,22.22,21.15,0,,,0,DR7+8,Sloan,SDSS J100715.91+155615.4,151.81633,15.93761
J100715.92+155615.4,81.4,4.1,4.0,0.6,8.7,54889.542,,,,,,,0,DR7+8,Sloan,SDSS J100715.91+155615.4,151.81633,15.93761
J100715.92+155615.4,72.7,5.3,3.3,0.6,8.7,55240.402,,,,,,,0,DR7+8,Sloan,SDSS J100715.91+155615.4,151.81633,15.93761
J100716.18+160025.6,63.7,5.2,3.0,0.6,5.1,55240.402,23.6,22.62,21.37,0,,,0,DR7+8,Sloan,SDSS J100716.17+160025.6,151.81742,16.00711
J100716.26+160340.3,213.0,14.6,2.8,0.5,3.2,54881.416,21.67,21.41,21.23,1,0.964,0.828,1,DR7+8,Sloan,SDSS J100716.25+160340.3,151.81775,16.06119
J100716.26+160340.3,188.8,4.4,1.4,0.6,3.2,55240.355,,,,,,,1,DR7+8,Sloan,SDSS J100716.25+160340.3,151.81775,16.06119
J100716.26+160340.3,198.9,4.4,3.2,0.6,3.2,54416.551,,,,,,,1,DR7+8,Sloan,SDSS J100716.25+160340.3,151.81775,16.06119
J100716.26+160340.3,204.6,3.9,1.0,0.5,3.2,54881.311,,,,,,,1,DR7+8,Sloan,SDSS J100716.25+160340.3,151.81775,16.06119
J100716.66+160900.1,69.7,2.2,5.5,0.3,5.6,55240.355,17.6,16.86,16.59,0,0.0,0.0,0,DR7+8,Sloan,SDSS J100716.65+160900.0,151.81942,16.15003
J100717.15+160511.9,266.3,4.4,2.7,0.6,3.4,54881.311,22.1,21.8,21.4,0,0.0,0.03,0,DR7+8,Sloan,SDSS J100717.14+160511.9,151.82146,16.08664
J100717.36+160355.6,295.9,2.4,2.2,0.3,3.4,54416.551,20.11,19.79,19.65,0,,,1,DR7+8,Sloan,SDSS J100717.36+160355.6,151.82233,16.06544
J100717.36+160355.6,295.5,2.7,2.0,0.3,3.4,54881.311,,,,,,,1,DR7+8,Sloan,SDSS J100717.36+160355.6,151.82233,16.06544
J100717.36+160355.6,300.8,6.7,2.5,0.7,3.4,55240.402,,,,,,,1,DR7+8,Sloan,SDSS J100717.36+160355.6,151.82233,16.06544
J100717.63+160315.7,52.7,4.2,2.0,0.8,3.7,54881.311,22.93,22.49,22.0,0,0.0,0.0,0,DR7+8,Sloan,SDSS J100717.62+160315.7,151.82346,16.05436
J100717.63+160315.7,49.3,10.5,3.4,0.9,3.7,54881.416,,,,,,,0,DR7+8,Sloan,SDSS J100717.62+160315.7,151.82346,16.05436
J100717.86+161218.9,-153.1,31.0,4.6,0.9,8.6,54881.311,21.6,21.04,20.76,0,,,0,DR7+8,Sloan,SDSS J100717.85+161218.9,151.82442,16.20525
J100718.02+161140.0,27.8,6.8,3.1,0.9,8.1,54881.311,22.55,22.06,21.61,0,0.0,0.0,0,DR7+8,Sloan,SDSS J100718.01+161139.9,151.82508,16.19444
J100718.10+160402.6,-0.7,2.2,4.8,0.3,3.6,54881.416,17.33,16.19,15.77,0,,,0,DR7+8,Sloan,SDSS J100718.09+160402.6,151.82542,16.06739
J100718.10+160402.6,-5.8,2.2,3.7,0.3,3.6,55240.402,,,,,,,0,DR7+8,Sloan,SDSS J100718.09+160402.6,151.82542,16.06739
J100718.13+160836.9,24.2,2.3,2.8,0.3,5.5,54881.311,22.5,21.23,20.27,0,,,0,DR7+8,Sloan,SDSS J100718.12+160836.9,151.82554,16.14358
J100718.38+160820.8,75.8,3.2,3.2,0.5,5.4,54881.311,24.33,22.86,21.57,0,,,0,DR7+8,Sloan,SDSS J100718.37+160820.7,151.82658,16.13911
J100718.54+155427.5,49.3,2.4,3.6,0.3,10.6,54889.542,20.99,19.89,19.45,0,,,0,DR7+8,Sloan,SDSS J100718.53+155427.5,151.82725,15.90764
J100718.96+155631.7,109.1,3.3,1.7,0.4,8.8,54890.511,21.06,20.68,20.55,0,0.0,0.0,0,DR7+8,Sloan,SDSS J100718.96+155631.6,151.829,15.94214
J100718.96+155631.7,98.7,4.1,1.8,0.6,8.8,54889.542,,,,,,,0,DR7+8,Sloan,SDSS J100718.96+155631.6,151.829,15.94214
J100719.54+160804.9,22.9,2.2,5.1,0.3,5.4,54416.551,17.05,16.09,15.74,0,,,1,DR7+8,Sloan,SDSS J100719.53+160804.8,151.83142,16.13469
J100719.56+155556.9,67.0,2.2,4.6,0.3,9.3,54890.511,17.93,16.99,16.64,0,,,0,DR7+8,Sloan,SDSS J100719.55+155556.9,151.8315,15.93247
J100719.57+161522.4,46.9,2.2,4.4,0.3,11.6,54889.444,19.77,19.1,18.85,0,,,0,DR7+8,Sloan,SDSS J100719.57+161522.4,151.83154,16.25622
J100719.79+160105.6,33.1,2.9,1.9,0.4,5.2,54881.416,22.23,20.94,20.34,0,,,0,DR7+8,Sloan,SDSS J100719.79+160105.6,151.83246,16.01822
J100719.94+155719.6,-13.1,2.6,3.8,0.4,8.2,54889.542,22.05,20.77,20.08,0,,,0,DR7+8,Sloan,SDSS J100719.94+155719.5,151.83308,15.95544
J100719.95+155530.0,-15.6,2.3,2.2,0.3,9.8,54890.511,21.76,20.35,18.93,0,,,0,DR7+8,Sloan,SDSS J100719.95+155529.9,151.83312,15.925
J100719.95+155530.0,-19.0,2.5,2.5,0.3,9.8,54889.542,,,,,,,0,DR7+8,Sloan,SDSS J100719.95+155529.9,151.83312,15.925
J100720.00+160137.5,312.7,2.2,0.5,0.3,4.9,54881.416,17.6,17.28,17.13,0,,,0,DR7+8,Sloan,SDSS J100720.00+160137.4,151.83333,16.02708
J100720.40+161009.0,21.8,2.3,3.9,0.3,7.1,54881.311,21.46,20.27,19.74,0,,,0,DR7+8,Sloan,SDSS J100720.39+161008.9,151.835,16.16917
J100720.47+160203.3,26.3,2.3,1.6,0.3,4.8,54881.416,18.66,18.23,18.03,0,0.0,0.0,0,DR7+8,Sloan,SDSS J100720.46+160203.3,151.83529,16.03425
J100720.47+160203.3,23.6,2.2,3.1,0.3,4.8,54881.311,,,,,,,0,DR7+8,Sloan,SDSS J100720.46+160203.3,151.83529,16.03425
J100720.53+160316.1,-34.4,2.2,4.0,0.3,4.3,54881.416,17.66,17.12,16.88,0,0.0,0.0,1,DR7+8,Sloan,SDSS J100720.52+160316.0,151.83554,16.05447
J100720.53+160316.1,-32.3,2.2,4.1,0.3,4.3,55240.402,,,,,,,1,DR7+8,Sloan,SDSS J100720.52+160316.0,151.83554,16.05447
J100720.53+160316.1,-31.8,2.2,4.2,0.3,4.3,54416.551,,,,,,,1,DR7+8,Sloan,SDSS J100720.52+160316.0,151.83554,16.05447
J100720.83+155926.0,7.5,2.2,3.5,0.3,6.5,54881.311,17.76,16.66,16.26,0,,,0,DR7+8,Sloan,SDSS J100720.82+155926.0,151.83679,15.99056
J100720.83+155926.0,7.3,4.1,4.9,0.3,6.5,55240.402,,,,,,,0,DR7+8,Sloan,SDSS J100720.82+155926.0,151.83679,15.99056
J100721.11+160334.5,19.4,2.2,4.5,0.3,4.4,54416.551,16.15,15.57,15.36,0,0.0,0.0,1,DR7+8,Sloan,SDSS J100721.11+160334.5,151.83796,16.05958
J100721.11+160334.5,16.7,2.2,4.8,0.3,4.4,55240.402,,,,,,,1,DR7+8,Sloan,SDSS J100721.11+160334.5,151.83796,16.05958
J100721.16+161118.2,281.6,2.4,3.5,0.3,8.1,54881.311,20.98,19.73,19.2,0,,,0,DR7+8,Sloan,SDSS J100721.15+161118.1,151.83817,16.18839
J100721.49+161600.3,201.4,6.5,3.3,0.6,12.4,54889.444,22.16,21.83,21.68,0,0.21,0.2,0,DR7+8,Sloan,SDSS J100721.48+161600.3,151.83954,16.26675
J100721.77+155424.5,307.2,5.5,0.8,0.5,11.0,54889.542,20.59,20.22,20.22,0,,,0,DR7+8,Sloan,SDSS J100721.76+155424.4,151.84071,15.90681
J100721.77+155424.5,305.5,3.2,1.8,0.4,11.0,54890.511,,,,,,,0,DR7+8,Sloan,SDSS J100721.76+155424.4,151.84071,15.90681
J100722.24+155505.6,26.4,5.5,1.0,0.7,10.4,54889.542,21.24,20.96,20.71,0,0.0,0.0,0,DR7+8,Sloan,SDSS J100722.23+155505.5,151.84267,15.91822
J100722.34+160020.1,77.1,2.2,4.6,0.3,6.1,55240.402,18.45,17.36,16.95,0,,,0,DR7+8,Sloan,SDSS J100722.34+160020.1,151.84308,16.00558
J100722.54+155333.5,-11.8,2.5,2.7,0.3,11.8,54890.511,19.98,19.6,19.43,0,0.0,0.0,0,DR7+8,Sloan,SDSS J100722.54+155333.5,151.84392,15.89264
J100722.63+160847.3,-1.9,2.2,3.4,0.3,6.4,54881.311,18.82,18.35,18.11,0,0.0,0.0,0,DR7+8,Sloan,SDSS J100722.62+160847.2,151.84429,16.14647
J100723.30+161314.3,-8.4,3.0,2.5,0.4,10.1,54889.444,21.64,21.31,21.09,0,0.0,0.0,0,DR7+8,Sloan,SDSS J100723.29+161314.2,151.84708,16.22064
J100723.36+160438.7,118.9,3.6,4.2,0.5,4.8,54881.416,25.1,22.98,21.74,0,,,0,DR7+8,Sloan,SDSS J100723.35+160438.6,151.84733,16.07742
J100723.63+161427.2,206.7,6.7,0.7,0.4,11.2,54889.444,21.35,21.1,20.99,1,0.963,0.859,0,DR7+8,Sloan,SDSS J100723.62+161427.1,151.84846,16.24089
J100724.03+155619.1,217.2,10.0,0.5,0.5,9.5,54890.511,21.54,21.35,21.13,1,0.966,0.843,0,DR7+8,Sloan,SDSS J100724.02+155619.1,151.85012,15.93864
J100724.06+160600.7,65.5,2.8,4.2,0.4,5.3,55240.355,23.89,21.84,20.74,0,,,0,DR7+8,Sloan,SDSS J100724.05+160600.7,151.85025,16.10019
J100724.08+160429.9,197.6,7.6,1.5,0.8,5.0,54416.551,22.12,21.8,21.55,1,0.955,0.885,1,DR7+8,Sloan,SDSS J100724.07+160429.9,151.85033,16.07497
J100724.22+160424.8,87.3,2.6,2.6,0.3,5.0,54881.416,20.89,20.28,20.04,0,,,0,DR7+8,Sloan,SDSS J100724.21+160424.8,151.85092,16.07356
J100725.13+160445.4,8.3,2.2,4.6,0.3,5.3,54416.551,18.97,18.23,17.91,0,,,1,DR7+8,Sloan,SDSS J100725.12+160445.3,151.85471,16.07928
J100725.25+155544.2,10.5,6.1,1.9,0.5,10.2,54889.542,20.4,20.23,20.1,0,0.0,0.0,0,DR7+8,Sloan,SDSS J100725.24+155544.2,151.85521,15.92894
J100725.25+155544.2,25.6,3.8,1.4,0.4,10.2,54890.511,,,,,,,0,DR7+8,Sloan,SDSS J100725.24+155544.2,151.85521,15.92894
J100725.31+155616.8,5.6,2.5,1.5,0.3,9.7,54889.542,19.11,18.83,18.75,0,,,0,DR7+8,Sloan,SDSS J100725.30+155616.8,151.85546,15.938
J100726.19+160354.3,-1.3,2.2,5.3,0.3,5.5,54416.551,17.48,16.75,16.5,0,0.0,0.0,1,DR7+8,Sloan,SDSS J100726.18+160354.2,151.85912,16.06508
J100726.76+160314.8,15.3,3.6,1.5,0.4,5.8,54881.416,24.64,22.26,20.83,0,,,0,DR7+8,Sloan,SDSS J100726.83+160316.2,151.8615,16.05411
J100727.00+161546.0,42.9,2.8,3.2,0.4,12.7,54889.444,25.53,23.71,21.62,0,,,0,DR7+8,Sloan,SDSS J100726.99+161545.9,151.8625,16.26278
J100727.56+160134.4,219.2,8.8,0.4,0.5,6.5,54890.342,21.22,21.0,20.87,1,0.991,0.936,0,DR7+8,Sloan,SDSS J100727.55+160134.3,151.86483,16.02622
J100727.83+155246.3,10.2,2.3,2.9,0.3,13.1,54890.342,22.02,20.77,19.54,0,,,0,DR7+8,Sloan,SDSS J100727.82+155246.2,151.86596,15.87953
J100728.39+160741.2,217.4,14.3,2.0,0.9,6.9,54416.551,22.36,21.8,21.82,1,0.957,0.763,1,DR7+8,Sloan,SDSS J100728.38+160741.1,151.86829,16.12811
J100728.77+161259.4,51.1,2.2,2.8,0.3,10.5,54889.444,21.61,20.08,18.92,0,,,0,DR7+8,Sloan,SDSS J100728.76+161259.4,151.86987,16.2165
J100728.89+160446.7,10.8,3.6,2.0,0.4,6.2,54416.551,23.02,23.14,21.51,0,0.0,0.0,1,DR7+8,Sloan,SDSS J100728.88+160446.6,151.87037,16.07964
J100729.56+155624.4,14.0,3.5,3.9,0.6,10.2,54889.542,23.11,22.23,20.96,0,,,0,DR7+8,Sloan,SDSS J100729.55+155624.3,151.87317,15.94011
J100729.57+161246.0,115.9,2.2,4.4,0.3,10.5,54889.444,17.94,17.18,16.9,0,,,0,DR7+8,Sloan,SDSS J100729.56+161246.0,151.87321,16.21278
J100729.58+161107.1,309.6,2.2,4.2,0.3,9.2,54889.444,20.35,19.35,19.02,0,,,0,DR7+8,Sloan,SDSS J100729.57+161107.1,151.87325,16.18531
J100730.09+155317.8,10.8,3.3,1.9,0.4,12.9,54890.342,23.76,22.88,20.97,0,,,0,DR7+8,Sloan,SDSS J100730.08+155317.8,151.87537,15.88828
J100730.13+161405.3,108.0,2.2,3.4,0.3,11.6,54889.444,17.23,17.0,16.96,0,0.0,0.0,0,DR7+8,Sloan,SDSS J100730.12+161405.2,151.87554,16.23481
J100730.23+160401.9,52.0,2.4,-0.8,0.4,6.5,54881.416,22.15,20.82,19.59,0,,,0,DR7+8,Sloan,SDSS J100730.23+160401.9,151.87596,16.06719
J100730.23+161605.9,119.2,2.6,3.9,0.3,13.4,54889.444,21.09,20.56,20.41,0,,,0,DR7+8,Sloan,SDSS J100730.23+161605.8,151.87596,16.26831
J100730.54+155612.0,-49.8,2.8,-2.7,0.9,10.5,54890.511,23.4,22.23,21.06,0,,,0,DR7+8,Sloan,SDSS J100730.54+155611.9,151.87725,15.93667
J100730.69+155420.3,6.4,3.1,3.8,0.5,12.1,54890.511,24.57,22.43,20.94,0,,,0,DR7+8,Sloan,SDSS J100730.69+155420.3,151.87787,15.90564
J100730.69+155420.3,-6.4,3.2,1.4,0.4,12.1,54890.342,,,,,,,0,DR7+8,Sloan,SDSS J100730.69+155420.3,151.87787,15.90564
J100730.74+161055.7,-3.2,2.2,4.2,0.3,9.3,54889.444,18.98,18.11,17.89,0,,,0,DR7+8,Sloan,SDSS J100730.73+161055.7,151.87808,16.18214
J100731.06+160419.5,212.9,9.8,-0.1,0.7,6.7,54416.551,21.65,21.32,21.09,1,0.986,0.948,1,DR7+8,Sloan,SDSS J100730.96+160422.6,151.87942,16.07208
J100731.67+155611.1,9.9,3.8,-9.9,,10.7,54890.511,23.73,22.51,21.19,0,,,0,DR7+8,Sloan,SDSS J100731.66+155611.0,151.88196,15.93642
J100731.77+155002.1,17.0,2.2,3.4,0.3,15.9,54890.365,15.76,14.98,14.64,0,0.0,0.0,0,DR7+8,Sloan,SDSS J100731.76+155002.0,151.88237,15.83392
J100732.36+160155.2,47.4,2.2,4.6,0.3,7.4,54890.342,15.95,13.42,13.22,0,,,0,DR7+8,Sloan,SDSS J100732.35+160155.1,151.88483,16.032
J100732.47+160500.5,281.1,6.9,4.4,0.7,7.1,54416.551,22.58,22.06,21.92,0,,,1,DR7+8,Sloan,SDSS J100732.47+160500.5,151.88529,16.08347
J100732.71+161157.4,22.4,2.2,4.7,0.3,10.3,54889.444,16.52,15.96,15.78,0,0.0,0.0,0,DR7+8,Sloan,SDSS J100732.70+161157.3,151.88629,16.19928
J100732.93+155728.5,99.5,2.2,4.4,0.3,10.0,54889.542,17.21,16.49,16.19,0,0.0,0.0,0,DR7+8,Sloan,SDSS J100732.92+155728.4,151.88721,15.95792
J100732.95+155017.4,-10.7,2.4,3.2,0.3,15.8,54890.365,20.6,20.09,19.94,0,0.0,0.0,0,DR7+8,Sloan,SDSS J100732.94+155017.4,151.88729,15.83817
J100733.00+155834.6,178.5,2.2,2.5,0.3,9.2,54890.342,18.72,18.27,18.08,0,0.001,0.047,0,DR7+8,Sloan,SDSS J100732.99+155834.6,151.8875,15.97628
J100733.00+155834.6,182.2,2.3,2.9,0.3,9.2,54889.542,,,,,,,0,DR7+8,Sloan,SDSS J100732.99+155834.6,151.8875,15.97628
J100733.22+155915.2,-2.9,2.2,4.6,0.3,8.9,54889.542,18.1,17.27,16.96,0,,,0,DR7+8,Sloan,SDSS J100733.21+155915.1,151.88842,15.98756
J100734.29+160700.9,-7.3,2.2,4.5,0.3,7.9,54416.551,15.66,14.88,14.63,0,0.0,0.0,1,DR7+8,Sloan,SDSS J100734.28+160700.9,151.89287,16.11692
J100734.43+161503.8,-10.1,3.5,1.6,0.4,13.0,54889.444,21.53,21.08,21.06,0,0.0,0.0,0,DR7+8,Sloan,SDSS J100734.42+161503.7,151.89346,16.25106
J100734.52+161551.7,-6.1,2.2,4.8,0.3,13.7,54889.444,16.08,14.97,14.63,0,,,0,DR7+8,Sloan,SDSS J100734.51+161551.6,151.89383,16.26436
J100734.64+155656.9,122.8,3.4,3.6,0.4,10.6,54890.342,22.85,21.64,20.84,0,,,0,DR7+8,Sloan,SDSS J100734.66+155653.7,151.89433,15.94914
J100734.94+154918.6,25.5,2.2,4.7,0.3,16.9,54890.365,17.43,16.47,16.14,0,,,0,DR7+8,Sloan,SDSS J100734.93+154918.6,151.89558,15.82183
J100734.97+155431.5,303.2,2.8,1.1,0.4,12.5,54890.342,20.76,20.54,20.39,0,,,0,DR7+8,Sloan,SDSS J100734.96+155431.5,151.89571,15.90875
J100735.24+155715.3,255.1,3.0,3.5,0.4,10.5,54889.542,22.51,21.13,20.4,0,,,0,DR7+8,Sloan,SDSS J100735.23+155715.3,151.89683,15.95425
J100735.92+161125.7,242.2,7.8,5.4,0.6,10.5,54889.444,23.78,22.08,22.0,0,,,0,DR7+8,Sloan,SDSS J100735.91+161125.6,151.89967,16.19047
J100736.27+160020.9,46.4,2.2,1.8,0.3,8.9,54889.542,16.64,15.94,15.68,0,0.0,0.0,0,DR7+8,Sloan,SDSS J100736.51+160020.7,151.90112,16.00581
J100736.52+160020.8,47.5,2.2,4.4,0.3,9.0,54890.342,16.81,15.98,15.93,0,0.0,0.0,0,DR7+8,Sloan,SDSS J100736.51+160020.7,151.90217,16.00578
J100736.91+155045.3,-21.8,2.6,4.2,0.4,15.9,54890.365,22.37,21.04,20.44,0,,,0,DR7+8,Sloan,SDSS J100736.90+155045.2,151.90379,15.84592
J100736.92+155958.9,373.0,6.0,0.2,0.7,9.2,54890.342,21.97,21.87,21.6,0,,,0,DR7+8,Sloan,SDSS J100736.91+155958.8,151.90383,15.99969
J100736.92+155301.4,157.3,4.4,3.4,0.8,14.0,54890.342,24.02,22.64,21.85,0,,,0,DR7+8,Sloan,SDSS J100736.91+155301.3,151.90383,15.88372
J100737.34+160746.2,296.0,3.9,1.4,0.4,8.9,54889.444,21.26,20.99,20.81,0,,,0,DR7+8,Sloan,SDSS J100737.33+160746.1,151.90558,16.1295
J100737.80+160121.7,35.1,2.3,2.1,0.3,8.9,54890.342,22.54,20.97,19.33,0,,,0,DR7+8,Sloan,SDSS J100737.79+160121.6,151.9075,16.02269
J100738.29+161007.6,-2.5,3.0,1.2,0.4,10.2,54889.444,21.47,21.12,20.99,0,0.0,0.0,0,DR7+8,Sloan,SDSS J100738.28+161007.5,151.90954,16.16878
J100738.95+155815.3,21.8,2.2,4.4,0.3,10.6,54890.342,18.31,17.65,17.4,0,0.0,0.0,0,DR7+8,Sloan,SDSS J100738.94+155815.2,151.91229,15.97092
J100738.95+155815.3,20.9,2.2,4.5,0.3,10.6,54889.542,,,,,,,0,DR7+8,Sloan,SDSS J100738.94+155815.2,151.91229,15.97092
J100739.04+155712.9,57.7,2.6,2.8,0.4,11.2,54890.342,24.21,22.16,20.96,0,,,0,DR7+8,Sloan,SDSS J100739.03+155712.9,151.91267,15.95358
J100739.12+160222.7,69.8,2.2,4.0,0.3,8.9,54890.342,17.72,17.26,17.09,0,0.0,0.0,0,DR7+8,Sloan,SDSS J100739.11+160222.7,151.913,16.03964
J100739.31+155507.0,15.5,2.2,5.0,0.3,12.7,54890.342,17.66,16.76,16.45,0,,,0,DR7+8,Sloan,SDSS J100739.30+155506.9,151.91379,15.91861
J100739.62+155917.7,204.5,7.0,0.6,0.4,10.1,54890.342,21.12,20.83,20.69,1,0.971,0.885,0,DR7+8,Sloan,SDSS J100739.62+155917.6,151.91508,15.98825
J100739.95+155641.2,-13.2,2.6,2.8,0.4,11.7,54890.342,22.21,21.34,20.54,0,,,0,DR7+8,Sloan,SDSS J100739.94+155641.2,151.91646,15.94478
J100740.13+160309.7,303.1,3.1,1.9,0.3,9.0,54890.342,19.95,19.56,19.45,0,,,0,DR7+8,Sloan,SDSS J100740.13+160309.7,151.91721,16.05269
J100740.15+155855.6,295.8,3.8,2.3,0.4,10.4,54890.342,21.29,20.96,20.8,0,,,0,DR7+8,Sloan,SDSS J100740.14+155855.6,151.91729,15.98211
J100740.32+155813.9,161.1,3.9,0.9,0.4,10.9,54889.542,19.85,19.61,19.48,0,,,0,DR7+8,Sloan,SDSS J100740.31+155813.9,151.918,15.97053
J100740.61+161047.2,186.2,2.4,3.2,0.3,11.0,54889.444,22.34,21.05,20.67,0,,,0,DR7+8,Sloan,SDSS J100740.61+161047.1,151.91921,16.17978
J100741.22+160903.2,-12.4,2.3,2.6,0.3,10.2,54889.444,22.86,21.15,19.94,0,,,0,DR7+8,Sloan,SDSS J100741.21+160903.1,151.92175,16.15089
J100741.85+155724.1,123.9,2.2,2.6,0.3,11.6,54890.342,17.29,16.83,16.68,0,0.0,0.0,0,DR7+8,Sloan,SDSS J100741.84+155724.0,151.92437,15.95669
J100741.85+155724.1,123.3,2.2,2.1,0.3,11.6,54889.542,,,,,,,0,DR7+8,Sloan,SDSS J100741.84+155724.0,151.92437,15.95669
J100741.87+155032.1,79.3,2.5,3.7,0.3,16.7,54890.365,23.01,21.65,20.48,0,,,0,DR7+8,Sloan,SDSS J100741.86+155032.0,151.92446,15.84225
J100741.99+155456.2,13.5,2.3,2.8,0.3,13.3,54890.342,19.64,19.28,19.09,0,0.0,0.0,0,DR7+8,Sloan,SDSS J100741.98+155456.2,151.92496,15.91561
J100742.51+160006.8,296.6,10.3,2.4,0.7,10.4,54890.342,22.45,22.02,21.46,0,,,0,DR7+8,Sloan,SDSS J100742.50+160006.7,151.92712,16.00189
J100742.53+155915.7,163.5,2.3,3.5,0.3,10.8,54889.542,19.13,18.39,18.07,0,,,0,DR7+8,Sloan,SDSS J100742.53+155915.6,151.92721,15.98769
J100742.65+155855.8,74.1,3.6,4.0,0.6,11.0,54889.542,23.98,22.09,20.79,0,,,0,DR7+8,Sloan,SDSS J100742.64+155855.7,151.92771,15.98217
J100742.72+160106.9,206.8,2.2,2.3,0.3,10.1,54890.342,18.59,18.14,17.91,1,0.975,0.949,0,DR7+8,Sloan,SDSS J100742.71+160106.8,151.928,16.01858
J100742.79+155200.8,11.3,2.6,5.8,0.4,15.6,54890.365,22.06,21.11,20.71,0,,,0,DR7+8,Sloan,SDSS J100742.78+155200.8,151.92829,15.86689
J100743.02+160911.3,33.9,2.3,2.6,0.3,10.7,54889.444,23.07,21.27,20.0,0,,,0,DR7+8,Sloan,SDSS J100743.01+160911.2,151.92925,16.15314
J100743.20+160553.7,29.3,2.4,2.5,0.3,9.7,54889.444,22.92,21.77,20.56,0,,,0,DR7+8,Sloan,SDSS J100743.19+160553.6,151.93,16.09825
J100743.22+155559.4,142.2,11.5,0.9,0.9,12.8,54890.342,22.31,22.17,22.0,0,0.0,0.001,0,DR7+8,Sloan,SDSS J100743.21+155559.4,151.93008,15.93317
J100743.29+160632.5,-21.9,3.5,0.0,0.0,9.9,54889.444,21.68,21.42,21.18,0,,,0,DR7+8,Sloan,SDSS J100743.29+160632.4,151.93037,16.10903
J100743.55+160947.2,220.4,7.4,1.9,0.4,11.1,54889.444,21.3,20.94,20.75,1,0.868,0.543,0,DR7+8,Sloan,SDSS J100743.54+160947.2,151.93146,16.16311
J100743.63+155757.8,66.1,2.4,2.3,0.3,11.7,54890.342,22.89,21.41,19.83,0,,,0,DR7+8,Sloan,SDSS J100743.63+155757.8,151.93179,15.96606
J100743.78+154932.9,299.2,2.5,6.0,0.4,17.8,54890.365,22.47,20.98,20.35,0,,,0,DR7+8,Sloan,SDSS J100743.77+154932.8,151.93242,15.82581
J100745.88+155900.9,130.4,2.8,1.4,0.3,11.6,54890.342,20.46,20.2,20.05,0,0.0,0.001,0,DR7+8,Sloan,SDSS J100745.87+155900.9,151.94117,15.98358
J100746.02+155524.0,-127.3,2.2,3.9,0.3,13.7,54890.342,18.81,18.24,18.0,0,0.0,0.0,0,DR7+8,Sloan,SDSS J100746.01+155524.0,151.94175,15.92333
J100747.17+160837.8,-58.2,2.2,2.8,0.3,11.4,54889.444,18.41,17.83,17.62,0,0.0,0.0,0,DR7+8,Sloan,SDSS J100747.17+160837.7,151.94654,16.14383
J100747.19+160545.5,294.3,2.4,1.9,0.3,10.7,54889.444,20.13,19.79,19.68,0,,,0,DR7+8,Sloan,SDSS J100747.19+160545.5,151.94662,16.09597
J100752.09+160434.9,67.4,3.3,1.5,0.4,11.7,54889.444,20.51,20.16,20.07,0,0.0,0.0,0,DR7+8,Sloan,SDSS J100752.08+160434.9,151.96704,16.07636
J100752.71+160411.8,63.6,9.8,2.5,2.8,11.9,54889.444,22.24,21.98,21.58,0,0.0,0.0,0,DR7+8,Sloan,SDSS J100752.71+160411.7,151.96962,16.06994
J100754.55+160358.5,229.9,5.7,2.5,0.6,12.3,54889.444,21.06,20.75,20.76,0,0.373,0.079,0,DR7+8,Sloan,SDSS J100754.54+160358.5,151.97729,16.06625
J100754.91+160909.0,-49.4,2.2,2.4,0.3,13.3,54889.444,22.45,21.38,19.79,0,,,0,DR7+8,Sloan,SDSS J100754.90+160909.0,151.97879,16.1525
J100755.07+160601.9,-29.8,2.2,5.0,0.3,12.6,54889.444,16.89,16.02,15.7,0,,,0,DR7+8,Sloan,SDSS J100755.06+160601.9,151.97946,16.10053
J100756.76+160843.1,96.5,2.9,0.8,0.3,13.6,54889.444,20.08,19.78,19.74,0,,,0,DR7+8,Sloan,SDSS J100756.75+160843.0,151.9865,16.14531
J100756.83+160556.0,-1.5,2.5,2.8,0.3,13.0,54889.444,23.86,21.73,20.4,0,,,0,DR7+8,Sloan,SDSS J100756.82+160556.0,151.98679,16.09889
